Series ID,5/1/20,5/2/20,5/3/20,5/4/20,5/5/20,5/6/20,5/7/20,5/8/20,5/9/20,5/10/20,5/11/20,5/12/20,5/13/20,5/14/20,5/15/20,5/16/20,5/17/20,5/18/20,5/19/20,5/20/20,5/21/20,5/22/20,5/23/20,5/24/20,5/25/20,5/26/20,5/27/20,5/28/20,5/29/20,5/30/20,5/31/20,6/1/20,6/2/20,6/3/20,6/4/20,6/5/20,6/6/20,6/7/20,6/8/20,6/9/20,6/10/20,6/11/20,6/12/20,6/13/20,6/14/20,6/15/20,6/16/20,6/17/20,6/18/20,6/19/20,6/20/20,6/21/20,6/22/20,6/23/20,6/24/20,6/25/20,6/26/20,6/27/20,6/28/20,6/29/20,6/30/20,7/1/20,7/2/20,7/3/20,7/4/20,7/5/20,7/6/20,7/7/20,7/8/20,7/9/20,7/10/20,7/11/20,7/12/20,7/13/20,7/14/20,7/15/20,7/16/20,7/17/20,7/18/20,7/19/20,7/20/20,7/21/20,7/22/20,7/23/20,7/24/20,7/25/20,7/26/20,7/27/20,7/28/20,7/29/20,7/30/20,7/31/20,8/1/20,8/2/20,8/3/20,8/4/20,8/5/20,8/6/20,8/7/20,8/8/20,8/9/20,8/10/20,8/11/20,8/12/20,8/13/20,8/14/20,8/15/20,8/16/20,8/17/20,8/18/20,8/19/20,8/20/20,8/21/20,8/22/20,8/23/20,8/24/20,8/25/20,8/26/20,8/27/20,8/28/20,8/29/20,8/30/20,8/31/20,9/1/20,9/2/20,9/3/20,9/4/20,9/5/20,9/6/20,9/7/20,9/8/20,9/9/20,9/10/20,9/11/20,9/12/20,9/13/20,9/14/20,9/15/20,9/16/20,9/17/20,9/18/20,9/19/20,9/20/20,9/21/20,9/22/20,9/23/20,9/24/20,9/25/20
0_0,7294,7611,7885,8110,8436,8691,9046,9384,9668,9889,10164,10468,10699,11094,11387,11671,11768,12078,12374,13049,13410,13670,14152,14507,15194,15648,16029,16553,17031,17358,17849,18246,18427,18553,18766,19073,19709,20166,20590,21071,21626,22474,23333,24220,25235,26272,26912,27312,28206,29002,29549,30021,30453,31097,32064,33206,34180,35077,35430,37174,38045,38962,40111,41864,42862,43951,44874,45784,46962,49173,50508,51947,53587,55545,57254,59067,61088,63091,65234,67011,68891,70357,71812,74211,76005,78130,79294,81115,82292,82366,85760,87721,89347,91442,92658,93702,94654,96592,98299,100172,101331,103008,103849,104784,105557,106309,107580,108433,109004,110358,111462,112402,112770,114532,115060,116707,117240,119250,121023,122183,123889,125235,126058,127615,128238,129284,130393,131803,132313,132972,133605,134416,135565,136703,137646,138753,139454,140156,141081,141756,142861,144164,144960,145776,146578,147153,150651,151591
1_0,365,366,369,371,372,373,375,378,379,380,382,384,384,388,388,388,397,400,400,402,402,404,408,408,409,411,412,425,430,434,460,467,487,505,513,524,536,544,563,573,593,610,625,652,661,664,676,696,708,721,742,753,759,759,759,784,835,835,876,900,932,967,967,1044,1088,1115,1166,1184,1226,1269,1319,1378,1474,1539,1579,1622,1674,1716,1785,1882,1949,2041,2131,2194,2249,2339,2525,2622,2730,2796,2879,2879,3136,3280,3338,3393,3447,3483,3532,3611,3709,3774,3821,3881,3962,4071,4154,4257,4307,4369,4436,4517,4586,4675,4739,4808,4841,4893,4973,5088,5180,5224,5261,5296,5364,5466,5586,5679,5765,5798,5833,5896,6020,6112,6216,6278,6353,6395,6444,6549,6658,6743,6835,6905,6950,7004,7132,7254
2_0,7961,8364,8640,8919,9304,9706,9944,10526,10960,11118,11379,11735,12175,12673,13168,13631,13937,14170,14566,14897,15315,15607,16039,16339,16560,16782,17261,17763,18465,19255,20119,20123,21249,22220,22753,24331,25451,26889,27677,28296,29852,31263,32918,34458,35691,36705,39097,40924,43443,46688,49798,52390,54586,58353,59973,63030,66458,70051,73908,74533,79205,84092,87424,91857,94553,98084,101441,105094,108614,112671,116892,119930,122467,123824,128097,131354,134611,138523,141265,143619,145182,148674,150609,152944,156301,160049,162003,163825,165934,168266,170798,174010,177000,178467,179490,180498,182194,183645,185050,186103,186923,187521,188737,189443,190792,191721,192654,193537,194005,194917,195557,196280,196898,197872,198076,198386,199253,199459,200139,200658,201285,201661,201835,202342,202861,203953,204680,205513,205765,205954,206044,206541,206993,207521,208126,208512,208725,209209,209907,211628,212916,213547,214016,214402,214842,215284,215852,216367
3_0,3304,3358,3417,3461,3522,3607,3692,3745,3745,4007,4038,4161,4235,4365,4462,4576,4758,4812,4922,5002,5456,5610,5772,5920,6028,6177,6277,6531,6776,7010,7252,7442,7815,8062,8422,8651,9101,9424,9736,10076,10366,10814,11546,12094,12499,12917,13190,13606,13927,14626,15137,15561,16082,16677,17372,18057,18739,19307,19813,20251,20774,21197,22074,22617,23202,23809,24246,24508,25245,26048,26800,27855,28367,28938,29729,30297,31114,31762,32533,33227,33927,34655,35246,36257,37249,37978,38606,39415,40143,40914,41697,42431,43087,43710,44596,45380,46291,47028,48024,48811,49382,50024,50409,51111,51763,52387,51989,52663,53073,53486,54211,54765,55651,56196,56569,56888,57373,58023,58744,59579,60378,60852,61219,61493,62111,63080,64175,64690,65377,65724,66019,66402,66804,67911,68309,70217,70625,71354,72219,73209,74080,75160,75718,76363,76980,77963,79049,79946
4_0,52253,53696,54947,56191,58752,60701,62373,64567,66799,67995,69417,71038,73093,74920,76959,78795,80175,81912,83870,86092,88324,90778,92664,94449,96673,99851,101877,104014,106651,110136,112703,115207,117521,119846,122995,126313,128965,131348,133884,136863,139736,143238,146999,150314,152969,155687,159045,163325,167090,170677,174423,177691,184357,190599,195441,200441,205969,209956,214507,222053,230359,237008,247249,250562,252194,256268,273077,283510,291350,300316,311254,318356,324444,333506,344791,353254,363293,370115,379114,384978,396577,407367,419555,429235,438368,446334,450801,461381,471436,482754,492309,500421,507711,512525,520357,526161,531891,539980,547943,554022,560236,571107,585177,594263,602467,612936,619574,624099,634063,640231,647028,653121,659997,664737,668065,675890,681939,687226,692470,697085,701515,704204,712034,716284,721402,725669,731314,735452,737650,740050,743148,747809,750062,755495,758504,760490,765475,768381,771316,775441,779862,783493,785501,790417,793250,796580,799785,803875
5_0,15766,16224,16624,16902,17364,17830,18371,18827,19371,19697,19875,20152,20467,20830,21224,21624,21927,22196,22475,22796,23178,23485,23954,24157,24248,24542,24766,25121,25612,26098,26378,26577,26785,27058,27359,27615,27846,27999,28178,28342,28495,28643,28819,29015,29127,29296,29429,29670,29899,30185,30347,30535,30703,30891,31153,31478,31795,32022,32303,32510,32713,33026,33352,33610,33864,34063,34255,34663,35115,35524,36189,36591,36913,37241,37684,38155,38724,39344,39785,40134,40557,41044,41682,42311,42977,43782,44331,44564,45311,45794,46203,46807,47266,47714,47967,48393,48987,49436,49893,50323,50658,51037,51439,51750,52216,52534,52835,53172,53364,53625,53900,54228,54585,54883,55143,55341,55779,55990,56342,56771,57041,57223,57422,57774,58016,58282,58652,58652,58984,59482,59671,59917,60183,60491,60904,61318,61699,62097,62685,63141,63745,64349,64849,65394,66052,66668,67216,67926
6_0,28764,29287,29287,29973,30621,30995,31783,32411,32984,33554,33765,34333,34855,35464,36085,36703,37419,38116,38430,39016,39203,39640,40022,40465,40873,41234,41288,41559,41762,42022,42201,42732,42978,43091,43238,43460,43817,43967,44092,44177,44347,44461,44688,44994,45054,45198,45276,45347,45355,45557,45715,45752,45782,45897,45911,45994,46059,46206,46302,46362,46513,46572,46646,46717,46717,46717,46975,47032,47108,47209,47287,47287,47287,47510,47530,47636,47750,47891,47891,47891,48040,48081,48198,48232,48776,48776,48776,48983,49077,49540,49668,49810,49810,49810,50062,50110,50223,50245,50320,50320,50320,50567,50683,50687,50782,50897,50897,50897,51254,51255,51314,51432,51519,51519,51519,52011,52040,52220,52350,52495,52495,52495,52879,53006,53108,53209,53365,53365,53365,53365,53782,53871,54093,54326,54326,54326,54895,55031,55166,55386,55527,55527,55527,56017,56160,56315,56472,56587
7_0,4918,5038,5208,5288,5371,5778,5939,6111,6280,6447,6555,6741,6952,7214,7366,7537,7670,7870,8037,8194,8386,8529,8690,8809,8965,9066,9096,9171,9236,9422,9498,9605,9685,9712,9746,9773,9845,9942,9972,10020,10056,10065,10173,10229,10264,10340,10401,10444,10499,10611,10679,10775,10820,10847,10886,10961,11017,11091,11222,11376,11479,11510,11731,11923,12100,12128,12293,12414,12462,12531,12652,12743,12804,12879,12972,13050,13114,13355,13429,13519,13624,13746,13792,13924,14171,14175,14290,14406,14602,14689,14782,14848,14877,14949,15055,15137,15296,15365,15444,15502,15575,15634,15699,15849,15967,16340,16396,16451,16536,16592,16638,16705,16743,16794,16858,16901,16931,16969,16976,17083,17312,17343,17429,17513,17549,17653,17752,17892,18043,18249,18308,18308,18466,18559,18726,18849,18937,19137,19226,19303,19366,19449,19566,19667,19761,19830,19947,20085
8_0,4658,4797,5016,5170,5322,5461,5654,5899,6102,6272,6389,6485,6584,6736,6871,7042,7123,7270,7434,7551,7788,7893,7966,8110,8225,8334,8406,8492,8538,8717,8801,8857,8886,9016,9120,9199,9269,9332,9389,9474,9537,9589,9654,9709,9767,9799,9818,9847,9903,9952,9984,10020,10058,10094,10128,10159,10185,10216,10248,10292,10327,10365,10390,10435,10447,10482,10515,10569,10642,10743,10801,10801,10847,10946,11026,11076,11115,11115,11194,11261,11339,11427,11571,11649,11717,11780,11858,11945,11999,12057,12126,12205,12205,12274,12313,12398,12443,12518,12589,12653,12753,12807,12896,12959,13024,13118,13159,13220,13273,13325,13354,13409,13469,13534,13590,13639,13684,13722,13794,13851,13925,13959,13992,14049,14077,14135,14186,14238,14279,14315,14362,14387,14412,14493,14552,14592,14622,14687,14743,14790,14852,14902,14955,14978,15021,15050,15106,15163
9_0,34725,35460,36078,36892,37429,38001,38828,39196,39998,40593,40979,41884,42388,43209,44134,44810,45585,46436,46940,47470,48671,49447,50127,50866,51745,52254,52633,53285,54496,55421,56161,56828,57447,58762,60182,61487,62758,63934,64901,65998,67370,69069,70970,73549,75566,77325,80108,82716,85926,89748,93797,97270,100206,103485,109014,114017,122953,132495,141072,146338,152422,158997,169106,178589,190052,200111,206447,213794,223783,232718,244151,254511,269811,282435,291629,301810,315548,327239,337569,350047,360394,369823,379619,389868,402312,414509,423843,432709,441917,451393,461379,470386,480012,487102,491855,497292,502715,510389,518060,526577,532806,536961,542774,550901,557137,563285,569636,573414,576093,579929,584047,588602,593286,597596,600565,602828,605502,608721,611991,615805,619003,621586,623458,630962,633416,636983,640165,643404,646350,648176,649979,652148,654731,658380,661569,663991,665730,668846,671201,674454,677660,681232,683753,685439,687909,690497,693040,695887
10_0,26805,27627,27928,28709,29196,30175,30708,31292,31823,32658,33268,33680,34125,34587,35077,35349,35528,36071,36706,37401,38234,39021,39572,40362,41187,42295,44588,45265,45855,46332,47079,47889,48394,49011,49987,50748,51343,51905,52773,53422,54115,55143,56044,56931,57743,58572,59218,60245,61229,62339,63926,64820,66273,67939,69661,71492,73461,75260,77316,80156,82086,84967,88481,91045,93496,95656,97728,101111,104056,108305,112216,114672,117025,118701,123956,127830,131261,135172,139866,143114,145766,148966,152031,156627,161385,165164,167925,170811,175006,178315,182276,186344,189994,192926,194798,197774,201702,204893,209003,213426,216581,219019,222577,226091,228647,231887,235166,237027,238856,241659,243974,246729,249614,252197,253912,256196,258324,260572,263037,265333,267694,268933,270436,272650,274568,277247,279323,281506,283153,283762,285331,287275,289113,290775,292896,294307,295320,296820,299031,300880,302692,304983,306105,307264,308173,309627,311041,312514
11_0,618,618,619,619,624,625,627,627,630,631,633,634,637,637,637,637,638,638,639,640,642,642,643,643,643,643,643,646,648,651,651,651,652,653,655,664,673,675,676,682,685,692,706,723,728,736,740,744,762,789,803,814,816,819,835,850,866,872,898,900,917,909,929,974,981,1005,1030,1053,1094,1130,1158,1200,1220,1243,1264,1292,1311,1334,1354,1381,1393,1418,1435,1488,1547,1618,1681,1709,1756,1864,1989,2110,2197,2242,2447,2590,2763,2815,3115,3346,3498,3638,3756,3958,4312,4543,4825,5042,5215,5349,5609,5844,6072,6356,6600,6769,6984,7260,7566,7830,8139,8339,8472,8653,8991,9202,9473,9693,9854,9958,10024,10122,10291,10458,10587,10699,10778,10843,10945,11104,11217,11326,11403,11459,11522,11689,11779,11891
12_0,2034,2061,2061,2106,2127,2158,2178,2205,2230,2230,2260,2293,2324,2351,2388,2417,2417,2453,2476,2505,2533,2595,2626,2626,2626,2698,2730,2767,2767,2838,2839,2905,2932,2989,3053,3111,3138,3138,3188,3220,3259,3301,3351,3397,3397,3461,3540,3632,3743,3871,4003,4003,4253,4399,4643,4864,5144,5318,5318,5750,6116,6370,6592,6994,7370,7733,8051,8538,8968,9428,9928,10505,10505,10902,11716,12445,13133,13751,14300,14300,15263,15820,16320,16736,17261,17827,18174,18694,19222,19679,20246,20721,21115,21115,21673,22234,22707,23394,23922,24488,24670,25099,25597,26133,26628,27173,27477,27477,27942,28326,28696,28696,29363,29659,29659,30061,30470,30779,31121,31384,31675,31675,32086,32366,32663,32926,33195,33476,33476,33664,33980,34309,34616,34950,35166,35278,35531,35808,36092,36489,36957,37246,37491,37901,38347,38743,39234,39757
13_0,56049,58500,61485,63830,65958,68228,70869,73756,76081,77733,79002,83016,84686,87929,90359,92447,94182,96473,98018,100410,102681,105441,107792,110295,112008,113185,114305,115832,117450,118912,120257,121232,122841,123820,124749,125903,126883,127744,128406,129204,129829,130597,131189,131861,132528,133002,133628,134181,134773,135464,136100,136757,137217,137817,138532,139429,140288,141074,141720,142454,143182,144011,144068,145744,146609,147249,147861,148449,149431,150449,151757,152959,153915,154791,155500,156693,157948,159333,160609,161571,162746,163681,165298,166919,168452,169880,171417,172644,173721,175118,176889,178823,180470,181936,183240,184696,186471,188421,190506,192694,194078,195383,196910,198583,200418,202683,204516,206078,207850,209588,211881,213717,215926,218278,220173,221782,223466,225624,227330,229482,231357,233354,235019,236514,238641,240002,245368,248169,249572,250951,252347,253682,255636,257783,259899,261362,262724,264198,266142,268195,270317,272841,274240,275721,277255,279105,281361,283843
14_0,18629,19293,19930,20502,21028,21865,22499,23144,23730,24122,24620,25117,25470,26047,26650,27274,27765,28245,28702,29269,29930,30404,30893,31369,31706,32067,32424,33057,33551,33551,34569,34820,35234,35704,36089,36573,36992,37388,37611,38024,38332,38743,39146,39543,39909,40404,40760,40972,41428,41740,42059,42416,42626,42867,43136,43652,44117,44572,44929,45223,45593,45952,46387,46915,47430,48006,48509,48816,49258,49574,50299,51073,51610,52033,52683,53370,54080,54813,55654,56570,57206,57907,58669,59600,60595,61515,62356,62899,63666,64291,65243,66338,67230,67912,68417,69245,69964,71014,72253,73287,74324,74987,75854,76519,77562,78632,79676,80412,81000,81846,82335,83274,84313,85316,85931,87606,88419,91598,92761,93584,94709,95590,96468,97181,98048,99167,100205,101290,102133,102722,103111,103835,104623,105892,106972,108212,108945,109636,110220,111042,112099,113179,113916,114435,115059,115775,116676,117855
15_0,7877,8633,9168,9701,10202,10401,11052,11447,11666,11958,12363,12899,13277,13658,14038,14321,14643,14948,15291,15525,15949,16405,16792,17208,17544,17652,18253,18498,18791,19135,19481,19682,19947,20010,20699,21086,21427,21600,21907,22170,22502,22775,23161,23552,23897,24038,24158,24375,24734,25158,25421,25884,26041,26336,26596,27051,27548,27930,28424,28723,28941,29290,29965,30354,30922,31243,31644,31923,32387,33118,34009,34525,35004,35494,35821,36036,36863,37666,37902,38633,38915,39412,39792,40503,40993,41626,42008,42474,42736,43193,43842,44474,44913,45450,45760,45932,46441,47045,47621,47990,48598,48853,49047,49523,49967,50586,51404,52036,52323,52614,53212,53830,54706,55493,56148,56577,57154,58017,59492,62027,63108,64095,64702,65390,66135,66797,67976,69004,69755,70326,70655,71134,71955,72753,72753,74355,74764,75275,76049,76967,78225,79127,80008,80633,81150,82006,83346,84433
16_0,4446,4745,5029,5244,5456,5734,6144,6498,6748,6979,7113,7302,7492,7702,7907,7990,8041,8394,8414,8619,8678,9035,9048,9052,9077,9280,9398,9435,9763,9763,9763,10052,10071,10224,10224,10431,10431,10465,10680,10680,10846,10846,11081,11081,11081,11448,11448,11717,11717,12103,12161,12197,12514,12547,13029,13108,13609,13645,13839,14495,14528,15059,15059,15059,15059,15059,16965,16972,17697,17804,18683,18773,19028,20164,20182,21055,21070,21960,22143,22285,23431,23557,24234,24234,25272,25276,25513,26321,26347,27059,27102,27982,28020,28202,29044,29086,29878,29966,30830,30867,30927,31921,32010,32753,32811,34056,34094,34203,35360,35431,36165,36255,37189,37321,37446,38730,38848,40244,40507,41537,41612,41699,43035,43174,44313,44364,45836,45836,45917,47268,47569,48042,48085,48961,49002,49002,50410,50410,51365,51365,52684,52684,52684,54680,54758,55971,56137,57523
17_0,4864,4864,5112,5236,5808,5927,6120,6285,6436,6436,6672,6849,7065,7212,7433,7672,7672,7915,8047,8162,8284,8421,8567,8567,8567,8948,9073,9178,9456,9693,9693,10031,10169,10405,10701,10972,11276,11276,11463,11697,11872,11934,12162,12438,12438,12639,12818,12986,13192,13448,13625,13743,13831,14139,14361,14615,14856,15165,15230,15344,15622,15842,16079,16376,16376,16376,17150,17518,17919,18245,18668,19119,19389,19652,20222,20677,21082,21604,22184,23159,23414,24056,24539,25147,25929,26764,27079,27599,28123,28723,29382,30150,30722,31182,31501,32190,32725,33229,33774,34547,34976,35249,35788,36941,37679,38293,38929,39314,39684,40292,40920,41610,42253,43063,43063,43889,44561,45226,45973,46751,47568,47568,48391,49177,49975,50872,51675,52456,52766,53051,53314,53971,54767,55693,56405,56932,57269,57984,58734,59341,60103,61084,61515,61912,62725,63507,64157,65066
18_0,28704,29138,29338,29671,29995,30397,30650,30853,31406,31590,31805,32035,32620,33420,33739,34117,34432,34709,35038,35316,36490,36808,36979,37072,37710,38044,38486,38790,39564,39564,39899,40321,40727,41108,41528,41985,42480,42807,43038,43599,44013,44446,44966,46214,46506,46945,47406,48048,48048,48514,49384,49773,50233,51595,52477,53415,54769,54769,56234,57056,58095,60178,61561,63289,63289,65225,66325,68263,70184,72027,74636,76801,78115,79818,82049,84131,86411,88588,88588,91703,94888,96580,99354,101650,103734,103734,107574,109917,111038,112773,114481,116280,116280,119746,120846,124461,125943,127246,128746,128746,131398,131961,133124,134304,135439,136735,136735,137911,138483,139123,139898,140807,141676,141676,142752,143203,144093,144935,145627,146231,146231,147843,148169,148859,149815,150636,151458,151458,152816,153129,153424,154928,155392,156168,156168,157432,157897,158301,158814,159298,160268,160268,161166,161430,162195,162629,163217,163928
19_0,1121,1151,1184,1204,1225,1253,1329,1373,1407,1435,1461,1476,1514,1564,1601,1646,1682,1711,1740,1818,1876,1947,1971,1988,2000,2107,2135,2187,2223,2278,2320,2345,2374,2415,2445,2481,2523,2570,2588,2606,2636,2667,2720,2756,2792,2807,2818,2834,2876,2912,2937,2956,2970,2995,3014,3102,3153,3153,3190,3222,3290,3323,3326,3396,3413,3422,3439,3460,3483,3495,3495,3537,3556,3563,3577,3596,3633,3642,3643,3684,3706,3718,3723,3734,3756,3788,3811,3830,3837,3865,3887,3910,3932,3952,3966,3974,3990,3996,4014,4025,4041,4049,4052,4070,4089,4116,4140,4164,4192,4208,4234,4253,4286,4318,4335,4356,4368,4388,4413,4436,4492,4511,4526,4548,4567,4617,4633,4633,4633,4713,4736,4759,4788,4832,4861,4900,4914,4937,4960,5004,5034,5034,5077,5106,5144,5170,5213,5235
20_0,23465,24473,25462,26389,27116,28163,29373,30459,31534,32587,33373,34061,34812,35903,36984,37957,38804,39762,41545,42317,43530,44424,45495,47150,47684,47684,48423,49708,50987,52015,52715,53326,54171,54981,55858,56760,57481,57969,58397,58902,59463,60197,60613,61269,61698,62011,62415,62968,63221,63506,63839,64129,64366,64734,65043,65429,66013,66450,66777,67253,67558,67918,68423,68961,69337,69624,69894,70396,70861,71447,71910,72467,73109,73527,74260,75016,75664,76136,77206,78131,78683,79542,80172,80836,81766,83050,83743,84871,85517,86283,87175,88344,89365,90274,91144,91854,92426,93005,93806,94581,95502,96230,96843,97383,98160,98875,99693,100211,100709,101235,101649,102227,102898,103523,104102,104669,105045,105485,106062,106663,107294,107791,108249,108862,109319,110012,110831,111607,112119,112883,113239,113575,114071,114647,115435,115940,116430,117089,117888,118519,119062,119744,120156,120566,120912,121297,121800,122359
21_0,64311,66263,68087,69087,70271,72024,73721,75333,76743,77793,78462,79332,80497,82182,83421,84933,86010,87052,87925,88970,90084,90889,91662,92675,93271,93693,94220,94895,95512,96301,97005,100797,101178,101592,102059,102556,103132,103436,103606,103885,104156,104667,105059,105393,105592,105689,105884,106151,106422,106650,106936,107061,107210,107439,107611,107837,108070,108443,108667,108750,108882,109142,109338,109628,109838,109974,110137,110338,110602,110897,111110,111396,111596,111826,112130,112347,112581,112879,113237,113533,113789,114033,114320,114647,114985,115268,115637,115926,116180,116684,117098,117612,118040,118458,118657,119203,119643,119874,120291,120711,121039,121314,121707,121707,121707,121707,123199,123593,123841,124063,124415,124728,125216,125360,125360,126022,126420,126756,127124,127584,128030,128229,128533,128888,128888,128888,129172,129555,129921,130141,130310,130492,130855,131257,131701,131968,132203,132505,132810,133239,133670,134240,134586,134830,134988,134988,135544,135998
22_0,42333,43187,43703,43947,44396,45052,45641,46322,46754,47135,47544,48017,48390,49579,50076,50495,51138,51907,52346,52996,53494,53901,54361,54676,54878,55083,55513,56013,56553,56883,57391,57528,57728,58011,58241,63533,63971,64395,64673,64982,65180,65405,65667,65826,66038,66070,66262,66494,66776,67077,67524,67688,67932,68194,68550,68981,69323,69677,69944,70219,70725,71089,71678,72175,72580,72939,73261,73897,74551,75060,75684,76365,76772,77193,77861,78913,79831,80591,81337,81866,82392,83053,83713,84424,85063,85596,86641,87161,87951,88964,89770,90559,91307,91743,92349,93168,93888,94653,95464,96187,96721,97298,98165,98687,99850,100695,101598,102255,102740,103394,104085,104617,104617,106042,106803,107682,108635,109469,110337,111120,111120,112522,113025,113810,114465,115231,116224,117147,117147,118399,118894,119851,120838,122245,123031,123031,124281,124968,125735,126711,127483,128085,128085,129653,130350,131248,132329,133377
23_0,5711,6208,6640,7212,7851,8577,9363,10085,10785,11265,11794,12488,12914,13432,14236,14968,15666,16370,17026,17666,18199,19004,19843,20573,21312,21959,22460,22944,23527,24183,24846,25204,25500,25867,26272,26979,27499,27883,28221,28519,28865,29312,29792,30164,30467,30689,30877,31292,31665,32030,32464,32919,33225,33468,33760,34122,34614,35032,35549,35857,36299,36716,37210,37624,37624,38135,38568,39132,39589,40163,40766,41570,42278,42765,43169,43741,44344,45008,45467,46194,46436,47430,47926,48679,49433,50212,51075,51708,52180,52921,53662,54460,55175,55924,56532,57158,57777,58633,59192,60092,60885,61503,61834,62301,62990,63718,64409,65147,65709,66057,66617,67307,68130,68866,69582,70292,70702,71235,72390,73239,74255,75184,75852,76347,77084,78123,78963,79873,80578,81211,81585,81805,82240,82716,83588,84308,84941,85347,85810,86719,87806,88721,90015,90935,91416,92097,93012,94189
24_0,7209,7438,7550,7876,8186,8416,8681,9089,9366,9498,9673,9906,10089,10469,10799,11113,11286,11422,11701,11961,12220,12615,12997,13249,13453,13720,14038,14366,14786,15202,15484,15728,16014,16309,16554,16764,17033,17268,17754,18107,18480,18480,19087,19343,19509,19788,20136,20594,20594,20594,20594,20594,22286,22897,23421,24511,25062,25522,25890,26566,27247,27900,28769,29683,30668,30898,31253,32213,32888,33591,34621,35412,36277,36665,37511,38519,39796,40672,41846,42638,43889,45523,47071,48053,49663,51097,52302,52957,54299,55804,57579,58743,59829,60442,61014,62059,63338,64328,65436,66640,67165,67646,68293,69372,69986,70930,71754,72135,72411,73206,74554,75432,76257,77248,77882,78390,79206,80067,80671,81290,82025,82668,82944,83577,84363,85115,85934,86473,86884,87126,87372,87795,88313,89166,89613,89865,90018,90523,91233,91935,92432,93082,93361,93551,94018,94570,95309,96032
25_0,7796,8107,8341,8707,8877,9056,9289,9431,9613,9789,9863,9952,10088,10257,10401,10620,10738,10888,11018,11221,11339,11555,11747,11979,12157,12281,12487,12668,12787,12956,13136,13317,13567,13762,14047,14246,14434,14543,14720,14900,15183,15387,15580,15804,15977,16180,16408,16621,16901,17196,17588,18000,18140,18572,18863,19367,19822,20260,20287,21022,21644,22024,22398,22780,22887,23431,23816,24613,25189,25762,26654,27123,27438,27882,28818,29709,30416,31281,32240,33087,33614,34754,36058,37694,39348,40704,41918,43037,44812,46736,48816,50303,51238,51815,52866,54056,55301,56364,57370,57370,58911,59932,60912,62515,63775,65247,66375,67443,68584,69382,70647,71705,72933,74225,75039,75906,76607,78025,79547,80958,82329,83608,84660,85723,87173,88573,90178,92148,93364,94289,95079,96435,97553,99118,101094,102700,104039,105347,106539,108279,110080,111467,112795,114258,115314,116876,118250,120243
26_0,452,454,454,456,456,456,456,458,459,459,460,462,463,463,467,469,469,471,472,479,479,479,483,483,483,483,485,489,497,509,519,523,527,529,543,545,546,551,554,560,568,571,581,596,609,616,622,639,663,674,704,723,739,743,783,819,848,871,881,937,985,1016,1105,1149,1189,1234,1271,1351,1395,1491,1618,1698,1781,1864,1968,1999,2230,2367,2470,2531,2620,2708,2813,2910,3038,3254,3341,3379,3475,3673,3811,4009,4080,4189,4233,4314,4429,4602,4756,4884,4949,5011,5102,5268,5407,5539,5657,5744,5787,5844,5954,6071,6212,6374,6426,6487,6622,6784,6928,7061,7251,7339,7421,7509,7691,7871,8019,8163,8263,8315,8379,8467,8661,8785,8925,9021,9107,9241,9430,9645,9868,10163,10299,10429,10698,10912,11241,11564
27_0,4781,5260,5597,5988,6335,6667,7067,7695,8091,8171,8390,8531,8908,9241,9607,10050,10171,10457,10685,10947,11249,11492,11791,11942,12168,12423,12786,13052,13438,13688,13880,14131,14402,14671,14923,15186,15351,15443,15565,15698,15839,16130,16334,16454,16544,16674,16861,17052,17235,17410,17519,17621,17771,17910,18037,18180,18354,18600,18721,18863,19003,19135,19287,19500,19658,19760,19875,20075,20302,20459,20638,20882,21057,21284,21600,21858,22010,22241,22360,22455,22717,23063,23357,23685,24042,24261,24480,24751,25007,25269,25613,26061,26061,26248,26554,26799,27028,27340,27676,27958,28105,28296,28531,28863,29073,29505,29828,30086,30215,30400,30657,30860,31180,31605,31712,31878,32197,32568,32966,33312,33631,33921,34150,34434,34844,35309,35519,35664,35739,35833,36326,36767,37215,37694,37961,38041,38481,38811,39248,39737,40195,40601,40885,41164,41531,42028,42461,42887
28_0,5075,5407,5490,5490,5528,5631,5718,5721,6069,6135,6158,6300,6494,6593,6758,6835,6903,6903,7153,7153,7493,7501,7782,7899,7974,8076,8137,8232,8370,8515,8612,8707,8719,8873,9129,9279,9506,9647,9784,10039,10155,10462,10678,10987,11194,11277,11681,11851,12169,12490,12897,13201,13581,13996,14358,14885,15358,16339,17156,17894,18456,19101,19732,20717,21575,22418,22909,23784,24300,25029,25901,26833,27678,28509,29613,30556,31909,33288,34472,35758,36706,37521,38741,39913,40879,41807,42831,43828,44935,45806,46799,48064,49052,50172,51161,52179,52828,53557,54532,55419,56229,56971,57520,58047,58649,59749,60608,61305,61963,62622,63005,63518,64925,65068,65600,66008,66409,66658,67185,67841,68445,68890,69176,69207,69845,69845,70674,71061,71567,71914,72052,72200,72485,72738,73144,73453,73732,74037,74232,74576,75068,75390,75774,76005,76071,76266,77155,77711
29_0,2310,2429,2518,2588,2636,2741,2843,2946,3011,3071,3159,3239,3299,3382,3464,3556,3596,3652,3721,3721,3935,4014,4089,4149,4197,4231,4286,4389,4389,4551,4650,4684,4748,4794,4874,4951,5017,5042,5078,5131,5177,5207,5249,5297,5316,5343,5364,5435,5450,5486,5518,5544,5558,5571,5598,5614,5671,5716,5747,5760,5782,5802,5821,5856,5856,5897,5913,5932,5952,5973,5991,6024,6054,6068,6096,6113,6139,6164,6188,6202,6247,6261,6294,6318,6375,6415,6435,6441,6500,6513,6544,6583,6613,6634,6660,6693,6719,6742,6779,6818,6831,6840,6861,6886,6920,6963,6980,6988,7004,7017,7036,7050,7071,7092,7107,7134,7148,7159,7194,7216,7246,7254,7254,7297,7297,7346,7368,7424,7447,7476,7493,7517,7573,7620,7652,7696,7714,7748,7780,7780,7861,7861,7947,7947,7990,8007,8044,8044
30_0,121190,123717,126744,128269,130593,131846,133635,135454,137085,138532,139945,140743,141490,142704,143905,145089,146334,148039,149009,150399,151463,152600,153087,154154,155092,155781,156628,157815,158832,159606,159659,160139,161545,162068,162529,163320,163857,164166,164450,164778,165280,165725,166094,166559,166848,167065,167396,167665,168085,168461,168781,169103,169336,169638,169820,170159,170514,170816,171091,171192,171550,171841,172259,172623,172888,173244,173473,173708,173893,174105,174463,174785,175094,175300,175675,176012,176211,176302,176565,176572,176743,177038,177591,177887,178345,178858,179363,179812,180294,180598,180968,181660,182029,182350,182614,182586,183327,183700,184061,184429,184773,185031,185475,185938,186594,187164,187442,187455,187751,188056,188378,188527,188817,189346,189494,189719,190021,190306,190613,190971,191319,191611,191958,192290,192595,192972,193422,193746,194056,194390,194661,194988,195414,195888,196334,196634,196966,197399,197792,198361,198846,199309,199762,200154,200579,200987,201214,202100
31_0,3513,3732,3849,4029,4136,4287,4490,4660,4759,4844,5034,5160,5300,5434,5584,5584,5623,6090,6187,6313,6468,6621,6791,6939,7022,7128,7250,7360,7488,7622,7688,7795,8020,8136,8349,8669,8797,8937,9059,9104,9248,9365,9523,9619,9721,9845,9933,10064,10152,10258,10429,10565,10692,10838,10990,11189,11408,11618,11808,11981,12147,12276,12519,12775,13062,13255,13506,13726,14017,14251,14549,14773,15027,15289,15514,15841,16137,16456,16736,16971,17215,17517,17817,18163,18474,18788,19040,19492,19791,20136,20387,20599,20795,21015,21129,21339,21803,21772,21965,22115,22314,22443,22641,22814,22985,23157,23296,23402,23490,23562,23725,23906,24012,24297,24395,24467,24533,24731,24919,25042,25178,25283,25350,25459,25611,25810,25900,26043,26101,26140,26178,26265,26427,26561,26657,26758,26839,26921,27039,27194,27349,27509,27577,27682,27785,27982,28217,28487
32_0,308383,313046,316484,319022,321261,324047,327538,330476,333191,335464,337124,338554,340730,343120,345882,348301,350190,351440,352914,354439,356527,358223,359995,361584,362833,363905,365034,366802,368353,369729,370839,371780,373109,374154,375202,376277,377385,378166,378868,379551,380225,380961,381783,382699,383393,384013,384644,385211,385829,386625,387341,388005,388557,389154,389736,390484,391289,391992,392608,392989,393496,394248,395021,395939,396663,397200,397718,398313,398383,399575,400358,401098,401775,402332,403244,404075,404844,405620,406374,406876,407395,408250,408945,409759,410509,411269,411805,412413,412947,413662,414439,415083,415836,416367,417041,417658,418292,418997,419711,420414,420929,421405,422072,422772,423509,424236,424970,425577,425985,426640,427271,427872,428581,429234,429806,430214,430843,431409,432200,432836,433471,434169,434825,435579,436287,437176,438040,438841,439570,440090,440647,441223,441980,442860,443709,444434,445017,445783,446435,447331,448121,449107,449969,450542,451296,451961,452916,453824
33_0,10920,11504,11664,11843,12253,12756,13390,13866,14358,14757,15036,15344,15816,16505,17130,17977,18512,19019,19699,20124,20855,21613,22715,23211,23930,24112,24623,25409,26487,27669,27669,29251,29875,30770,31852,33247,34612,35530,36357,37090,38168,39473,41245,42815,44108,45092,45874,46853,48185,49806,51388,52791,53593,54442,55911,57126,58815,60537,62140,63478,64668,66496,68136,70219,71653,72979,74516,75871,77307,79347,81328,83778,85692,87516,89483,91265,93426,95478,97958,99775,101046,102859,104983,106737,108984,111092,112713,114333,116086,117836,120192,122146,123876,125214,126531,128159,129283,131262,132807,134728,136167,136787,137834,139000,141983,143334,144870,146115,146680,147942,149087,151070,153074,154804,156276,157548,158903,160150,162241,163657,166241,167290,168468,170586,171717,173367,173367,176978,178059,179068,179789,180692,181917,183449,184902,186095,186933,188048,189183,190738,192139,193411,194712,195517,196709,197660,199353,205496
34_0,1107,1153,1191,1225,1266,1322,1370,1424,1463,1489,1515,1570,1645,1712,1761,1847,1897,1927,1992,2078,2188,2267,2315,2364,2402,2420,2437,2479,2518,2552,2575,2624,2646,2679,2706,2745,2816,2861,2879,2901,2941,2980,3016,3058,3080,3101,3124,3192,3192,3225,3251,3288,3313,3319,3393,3418,3458,3458,3495,3539,3576,3615,3657,3722,3779,3816,3849,3897,3970,4069,4154,4243,4334,4442,4493,4565,4668,4789,4905,5018,5018,5125,5206,5365,5612,5734,5872,5984,6139,6224,6298,6467,6600,6659,6782,6931,7055,7174,7324,7507,7596,7712,7882,7968,8168,8319,8443,8586,8645,8781,8964,9237,9467,9728,9868,9991,10219,10454,10794,11107,11483,11483,11808,12000,12266,12627,12972,13330,13619,13782,13852,14109,14443,14684,15149,15568,15820,16064,16333,16722,17229,17607,17954,18237,18508,18981,18981,19885
35_0,18736,19333,19912,20473,20968,21574,22129,23015,23688,24076,24771,25250,25719,26355,26951,27471,27921,28446,28947,29430,30166,30794,31407,31909,32473,33002,33436,33913,34563,35029,35508,35978,36346,36791,37279,37756,38108,38475,38834,39158,39572,39992,40422,40849,41148,41575,42007,42423,43123,43726,44259,44806,45537,46127,46760,47650,48639,49453,50307,51046,51790,52866,52866,55258,56183,57151,57956,58905,60182,61331,62855,64214,65593,66850,67995,69312,70602,72280,73822,74932,76169,77215,78741,80186,81746,83182,84072,85177,86498,87894,89627,91159,92086,93031,93962,95107,96305,97471,98676,99968,100847,101732,102827,104249,105426,106558,107670,108287,109062,109921,110871,111980,113046,114159,114803,115651,116492,117584,118828,120125,121337,122262,123154,124610,125765,127112,128442,129781,130557,131330,131990,132965,134087,135325,136567,137400,138480,139486,140515,141582,142595,143548,144309,145163,145850,146753,147743,148895
36_0,3748,3851,3971,4043,4122,4197,4325,4416,4479,4577,4603,4725,4851,4959,5082,5237,5308,5395,5487,5532,5678,5849,5955,6033,6088,6134,6224,6268,6336,6418,6418,6526,6689,6804,6904,7003,7060,7150,7204,7361,7479,7626,7845,8074,8232,8410,8640,8903,9350,9705,10037,10514,10731,11027,11509,11945,12341,12640,12939,13167,13751,14113,14540,15065,15645,15928,16360,17220,17894,18495,19092,19779,20235,20745,21739,22814,23438,24139,25053,25262,25432,26325,27299,27967,29116,30076,31277,32526,33751,34599,35705,36476,37716,38209,38601,39455,40563,41401,42255,43072,43564,43962,44723,45393,46101,46895,47795,48335,48699,49315,49923,50656,51746,52595,53158,53516,54170,54835,55548,56258,57346,58009,58730,59390,60116,61025,62034,63180,63605,64219,65047,65926,66697,67637,68658,69349,70223,71314,72280,73313,74567,75801,76795,77903,79065,80159,81243,82520
37_0,2578,2635,2680,2759,2838,2915,2987,3066,3157,3224,3282,3350,3407,3474,3532,3606,3618,3680,3721,3794,3812,3860,3884,3922,3945,3964,4034,4082,4130,4185,4243,4301,4334,4398,4473,4569,4661,4804,4918,4988,5059,5235,5377,5535,5635,5819,6096,6218,6365,6571,6748,6937,7082,7273,7443,7568,7817,8094,8340,8484,8656,8931,9294,9636,9930,10230,10395,10605,10817,11184,11452,11849,12169,12437,12805,13081,13509,13802,14149,14577,14846,15136,15390,15709,16101,16479,16754,17085,17413,17718,18127,18488,18822,19100,19360,19694,19970,20220,20631,21006,21258,21484,21768,22015,22296,22609,23014,23258,23446,23672,23865,24159,24415,24702,24934,25143,25371,25564,25759,26052,26290,26552,26711,26943,27073,27335,27598,27854,28042,28187,28353,28468,28651,28863,29143,29332,29480,29658,29848,30057,30341,30599,30795,30995,31313,31503,31862,32314
38_0,46968,48300,49260,50084,50949,51834,52903,54226,55304,56597,57141,57976,58695,59633,60622,61610,62233,63050,63666,64408,65382,66249,66979,67707,68181,68633,69417,70042,70734,71415,71924,72280,72890,73404,73935,74385,75086,75589,75942,76435,76843,77312,77998,78461,78797,79115,79477,79818,80235,80760,81265,81730,82186,82695,83191,83770,84369,84990,85485,85986,86604,87240,88072,88739,89371,89854,90304,91299,92148,92866,93876,94688,95266,95741,96670,97665,98446,99477,100241,101027,101737,102761,103394,104358,105571,106624,107422,108260,109372,110201,111075,112044,112935,113589,114154,115008,115714,116521,117279,118091,118851,119452,120279,121128,122120,122950,123797,124459,124844,125578,126149,126940,127632,128429,129046,129472,130034,130536,131154,131984,132826,133502,134024,134794,135607,136771,137662,138623,139314,139855,140354,141287,141877,142885,143804,143879,145063,146211,146988,147922,148683,149655,150327,150806,151637,152543,153396,154203
39_0,8755,9044,9288,9416,10296,10296,10530,10779,10989,11274,11441,11614,11835,12016,12219,12434,12674,12795,12951,13356,13571,13736,13952,14065,14065,14210,14352,14494,14635,14819,14928,14991,15112,15219,15325,15441,15441,15441,15642,15691,15756,15862,15947,15947,15947,16093,16164,16213,16269,16337,16337,16337,16459,16533,16606,16640,16661,16661,16661,16764,16813,16853,16941,16991,16991,16991,16991,17154,17204,17243,17312,17312,17312,17487,17588,17640,17711,17793,17793,17793,17904,17904,17291,17291,17291,17292,17292,17291,17291,17949,17949,17949,17949,17949,17949,17949,18577,18577,18577,18577,18577,18577,18577,19264,19264,19264,19264,19264,19264,19264,19880,19880,19880,19880,19880,19880,19880,20580,20580,20580,20580,20580,20580,20580,21197,21197,21197,21197,21197,21197,21197,21802,21802,21802,21802,21802,21802,21802,22376,22376,22376,22376,22376,22376,22376,23059,23059,23059
40_0,6254,6485,6617,6748,6836,6935,7139,7364,7528,7649,7780,7902,8026,8189,8401,8658,8811,8934,9050,9172,9378,9636,9895,10092,10177,10415,10622,10788,11131,11829,11859,12143,12412,12647,12996,13441,13914,14284,14796,15220,15758,16437,17170,17955,18795,19376,19990,20550,21527,22608,23756,24659,25653,26571,27841,28958,30262,31850,33221,34546,36297,37809,39587,41413,43260,44717,46246,47214,48770,50547,52270,54538,56485,58003,60220,62071,63880,65857,67396,69765,71213,73101,74761,76315,78298,79674,80852,82068,83719,85416,87113,88523,90076,91257,92403,93604,94837,96132,98739,98742,100429,101123,102130,103892,103892,104841,105882,106493,106949,107670,108410,109319,110378,111294,111981,112540,113486,114087,114598,115951,117249,118313,118988,119841,120503,121696,123324,124287,124945,125547,125881,126176,126592,129045,129978,131864,132671,133470,134120,135444,136318,137239,137708,138123,140787,141686,142707,143902
41_0,2523,2586,2629,2666,2719,2777,2904,3143,3391,3515,3612,3661,3729,3790,3885,3956,3985,4024,4082,4174,4246,4352,4464,4559,4582,4649,4702,4783,4862,4954,4988,5029,5060,5154,5239,5269,5362,5431,5464,5516,5596,5658,5735,5826,5890,5920,5959,6043,6094,6133,6223,6296,6324,6351,6418,6478,6534,6622,6676,6712,6763,6825,6893,6977,7026,7061,7103,7163,7242,7335,7398,7453,7495,7520,7571,7651,7693,7789,7861,7906,7943,8018,8075,8140,8195,8300,8389,8438,8487,8634,8675,8753,8856,8942,9005,9063,9151,9255,9375,9474,9601,9660,9712,9814,9895,10023,10117,10272,10359,10442,10565,10690,10882,11135,11276,11425,11505,11571,12191,12515,12941,13318,13506,13745,14001,14335,14590,14885,15104,15291,15398,15570,15834,16117,16437,16637,16799,16991,17291,17686,18074,18443,18695,18868,19189,19633,20093,20554
42_0,11889,12659,13176,13528,13639,13929,14091,14436,14763,14983,15541,16107,16368,16696,16968,17285,17383,18003,18365,18530,18963,19389,19778,20140,20602,20956,21298,21668,22080,22562,22992,23526,24280,24660,25001,25472,26016,26319,26887,27518,27830,28326,29106,29524,30414,31142,31813,32126,32808,33959,34445,35097,35551,36299,37235,38033,39441,40170,40452,42320,43657,45371,47011,48858,50274,51445,52030,53746,56019,57829,59504,61007,62391,65322,66829,69140,71658,73933,76526,78292,79793,83358,84508,87056,89009,91199,94002,96616,98993,100756,103015,105874,108181,109617,110634,112441,114098,116349,118781,120584,122708,123905,124911,126385,128499,130440,131735,133708,134735,135777,137799,139175,140841,142082,143931,144601,145416,147353,149171,150812,152277,153111,154917,156293,157576,159501,160470,162333,164099,165067,165715,166587,168237,169856,170890,171822,174264,175154,177082,178140,180495,181439,183511,184408,185146,186701,187543,189454
43_0,29112,30394,31394,32179,33214,34246,35384,36607,37856,38842,39842,41015,42352,43777,45113,46911,47687,48577,49771,51035,52080,53407,54466,55306,55929,56559,57918,59770,60979,62329,64279,64871,66510,68184,69798,71488,73424,74848,75501,77444,79892,81706,83797,86135,88053,89318,93133,96274,99783,103254,107644,111508,114786,120315,125866,131839,137553,143294,148659,152943,159895,167981,175897,183447,191711,195154,200472,210492,220468,230257,239836,249265,256932,262076,272252,282290,301741,311606,322628,331257,337177,347667,357150,366724,375295,381742,387349,391766,401615,410365,419800,428157,437614,437614,448956,458205,467162,474846,482022,489055,494064,498527,508420,514776,521546,528428,536819,542956,550890,558244,565194,570696,575619,581695,585763,588638,594740,600001,605722,609761,614357,618098,621001,625604,630060,633924,639341,643554,646670,648528,650144,654568,658569,662059,666479,669981,672549,677878,683862,688035,692590,696469,701359,708078,726026,729455,733842,738585
44_0,4832,4986,5176,5324,5453,5599,5727,5928,6107,6253,6369,6442,6622,6754,6914,7073,7239,7384,7529,7718,7874,8060,8260,8396,8524,8616,8715,8951,9282,9282,9336,10017,10233,10541,10854,11330,11859,11921,12384,12630,12893,13341,13643,14039,14390,14491,15052,15427,15988,16540,17168,17570,18011,18413,18879,19475,20135,20699,21288,21767,22372,22818,23375,23942,24637,25049,25574,26140,26857,27519,28385,29025,29629,30218,30674,31102,31218,32583,33334,34065,34601,35032,35582,36127,36982,37634,37978,38481,38878,39247,39711,40232,40725,41128,41536,41967,42349,42924,43461,43756,44140,44419,44759,45107,45448,46021,46359,46677,46940,47204,47518,48023,48485,48852,49125,49371,49775,50194,50571,50967,51419,51864,52115,52411,52846,53337,53837,53901,54628,55045,55374,55678,56036,56645,57284,57904,58432,58995,59748,60645,61774,62844,63792,64398,65061,65953,67176,68539
45_0,878,885,897,902,905,908,915,917,920,926,926,927,931,931,933,933,940,940,943,944,950,952,956,956,962,967,971,973,975,977,981,983,988,990,1025,1027,1046,1063,1075,1083,1094,1110,1119,1125,1127,1128,1130,1130,1135,1144,1147,1159,1163,1164,1184,1191,1193,1200,1202,1208,1208,1210,1227,1236,1238,1249,1251,1253,1256,1272,1277,1283,1296,1301,1305,1318,1325,1334,1338,1350,1360,1365,1366,1377,1384,1396,1400,1404,1405,1405,1406,1413,1419,1424,1425,1429,1436,1445,1448,1454,1459,1461,1472,1478,1484,1501,1509,1515,1527,1530,1533,1537,1541,1553,1557,1565,1571,1575,1585,1589,1605,1615,1624,1631,1634,1637,1642,1647,1648,1651,1654,1654,1659,1667,1676,1683,1694,1700,1701,1704,1706,1710,1715,1719,1721,1722,1724,1731
46_0,16905,17740,18674,19494,20264,20264,21576,22346,23196,24080,25066,25798,26745,27810,28672,29680,30384,31137,32136,32900,34131,34947,35722,36243,37724,39332,40243,41398,42527,43604,44600,45391,46222,46895,47845,48521,49380,50403,51225,51720,52160,52635,53197,53858,54494,54872,55319,55761,56227,56773,57405,57950,58416,58952,59494,59932,60563,61239,61724,62179,62774,63200,63733,64388,65105,65742,66078,66734,67374,67987,68928,69779,70666,71638,72439,73522,74430,75430,76366,77425,78368,79360,80375,81229,82357,83601,84556,86059,86984,87985,88896,89880,90795,91772,93090,94247,95043,95866,97874,99182,100075,100736,101737,102509,103615,104833,105748,106677,107402,108271,109015,109876,110856,112070,112963,113621,114622,115452,116571,117579,118807,119738,120580,121606,122532,123665,124779,125725,126923,127568,128400,129283,130519,131637,132939,133807,134564,135500,136351,137447,138687,139641,140489,141120,142002,142587,143487,144433
47_0,14634,15001,15181,15459,15593,15904,16230,16387,16672,16890,17120,17326,17509,17771,17950,18287,18431,18608,18808,18969,19115,19264,19584,19827,20064,20180,20405,20760,21069,21347,21694,21976,22155,22481,22727,22991,23441,23728,24039,24353,24628,24779,25171,25538,25832,26158,26530,26784,27182,27599,28220,28673,28867,29383,29865,30365,30854,31403,31750,32251,32822,33434,34150,34774,35246,35897,36984,37415,37940,38580,39217,39217,40655,41756,42303,43045,44311,45066,46025,46945,47742,48569,49244,50006,50822,51847,52634,53319,54203,54984,55801,55801,57539,58171,58714,59377,60078,60916,61612,61586,63067,63645,64148,64697,65337,66137,66882,67458,67718,68250,68689,69388,69778,70594,71011,71369,71700,72159,72701,73294,73879,74318,74627,74938,75372,75855,76331,76833,77232,77541,77541,78007,78464,79011,79476,79825,80138,80464,80810,81185,81601,82199,82547,82547,83192,83702,84238,85226
48_0,1151,1181,1191,1220,1238,1272,1293,1321,1345,1357,1366,1375,1402,1426,1452,1452,1479,1481,1504,1538,1589,1612,1705,1744,1761,1783,1783,1901,1941,1968,1995,2009,2036,2066,2088,2108,2127,2133,2151,2167,2183,2207,2228,2253,2283,2291,2328,2355,2397,2433,2481,2528,2548,2579,2611,2658,2712,2759,2812,2845,2885,2932,3006,3077,3141,3260,3352,3458,3615,3877,3981,4074,4207,4315,4463,4557,4697,4869,4981,5037,5079,5160,5447,5548,5692,5819,5953,6046,6166,6320,6421,6639,6731,6850,6966,7043,7149,7255,7428,7558,7684,7744,7868,8004,8146,8277,8440,8552,8625,8723,8791,8965,9055,9173,9259,9298,9386,9534,9630,9821,9964,10104,10239,10495,10640,10843,11034,11286,11410,11572,11654,11802,12002,12168,12518,12689,12813,12974,13194,13429,13669,13873,14049,14168,14380,14500,14706,14953
49_0,7313,7660,7964,8236,8565,8899,9215,9590,9938,10217,10418,10610,10902,11274,11684,12185,12541,12685,12883,13408,13883,14394,14875,15276,15583,15860,16461,16972,17704,18227,18400,18538,18917,19394,19889,20248,20571,20834,21033,21308,21593,21921,22240,22515,22755,22929,23194,23452,23875,24153,24538,24818,25065,25330,25763,26226,26747,27286,27740,28058,28657,29199,29738,30315,31053,31577,32061,32556,33154,33905,34750,35679,36448,36941,37905,38727,39625,40507,41485,42314,43014,44132,44846,45897,46915,47868,48823,49412,50174,51047,52107,52939,54001,54922,55327,56053,56932,57778,58767,59932,60552,61054,61778,62262,63205,64223,65055,65735,66190,66829,67492,68232,69059,70007,70460,70851,71489,72258,73133,73980,74797,75334,75596,76581,77127,77856,79351,80299,81191,81755,82474,83333,84880,86250,87603,89184,89956,96937,98440,100574,103153,105555,107291,108588,110327,112222,114700,117329
50_0,419,429,435,444,452,479,483,490,495,504,510,512,523,529,541,559,566,577,775,787,800,802,813,837,843,850,860,876,891,897,903,910,912,915,921,932,938,946,957,969,979,1008,1027,1049,1057,1078,1088,1114,1143,1173,1179,1196,1230,1254,1282,1326,1368,1392,1417,1449,1486,1517,1550,1582,1606,1634,1675,1709,1739,1767,1790,1839,1862,1903,1950,1985,2026,2069,2108,2126,2187,2237,2287,2347,2405,2444,2474,2519,2589,2628,2685,2726,2769,2807,2846,2881,2919,2948,2990,3002,3022,3037,3069,3084,3116,3182,3227,3286,3330,3362,3430,3467,3523,3543,3578,3603,3634,3683,3683,3763,3784,3820,3840,3865,3908,3934,3984,4000,4031,4031,4102,4151,4196,4260,4292,4341,4392,4438,4566,4652,4746,4780,4869,4944,5015,5169,5305,5420
0_1,287,287,289,297,314,341,368,381,388,391,401,438,448,470,482,482,485,486,500,522,529,541,551,558,566,580,583,605,610,618,629,643,650,650,651,670,684,687,712,723,739,750,764,768,768,774,785,790,809,821,838,839,840,864,889,895,906,918,918,929,948,972,985,1006,1007,1007,1007,1033,1058,1068,1104,1114,1121,1123,1164,1211,1230,1264,1285,1286,1291,1303,1362,1393,1436,1453,1471,1491,1491,1538,1565,1580,1603,1627,1633,1666,1694,1712,1733,1753,1766,1795,1844,1878,1885,1889,1892,1894,1919,1930,1940,1969,1989,2011,2013,2024,2037,2045,2076,2107,2152,2161,2181,2199,2216,2232,2264,2271,2272,2272,2273,2280,2300,2331,2347,2348,2351,2385,2390,2398,2423,2432,2432,2434,2451,2484,2488,2501
1_1,9,9,9,9,9,10,10,10,10,10,10,10,10,10,10,10,10,10,10,10,10,10,10,10,10,10,10,10,10,10,10,10,10,10,10,10,10,10,10,11,11,11,12,12,12,12,12,12,12,12,12,12,12,12,12,12,12,12,12,12,12,14,14,14,14,14,14,14,14,14,14,14,17,17,16,16,16,16,17,17,17,17,18,18,18,19,19,20,20,21,22,22,24,24,25,25,25,25,25,26,26,26,26,26,27,27,28,28,28,29,29,29,30,31,32,32,36,37,37,37,37,37,37,39,39,40,40,42,42,42,42,42,42,43,44,44,44,44,44,44,45,45,45,45,45,45,46,52
2_1,328,346,360,360,393,424,448,514,529,533,539,559,591,621,648,676,677,683,701,744,758,770,795,796,801,803,826,851,880,896,910,910,935,974,989,1004,1035,1045,1045,1069,1094,1123,1138,1183,1186,1192,1218,1238,1271,1311,1337,1339,1342,1395,1463,1484,1535,1579,1588,1588,1632,1720,1720,1788,1805,1807,1810,1927,1962,2038,2082,2151,2237,2245,2337,2434,2492,2583,2728,2761,2784,2917,2974,3061,3284,3284,3301,3303,3407,3454,3624,3692,3745,3765,3778,3843,3930,4002,4080,4136,4147,4150,4199,4347,4382,4422,4491,4504,4505,4526,4628,4681,4687,4756,4770,4770,4792,4896,4929,4977,5006,5025,5025,5042,5065,5130,5171,5207,5218,5218,5220,5251,5273,5288,5310,5320,5320,5342,5370,5408,5451,5466,5474,5476,5492,5524,5559,5587
3_1,64,72,75,80,83,87,88,88,88,91,94,95,97,98,98,98,98,100,102,107,110,113,115,116,117,119,120,125,132,133,133,133,135,140,149,150,152,152,154,160,164,170,175,176,178,181,187,196,207,213,223,224,226,236,239,239,248,258,263,264,269,276,278,280,285,286,291,300,304,308,312,318,320,322,330,334,340,352,355,355,361,372,378,384,392,397,399,406,406,432,440,451,457,460,473,488,506,513,520,534,541,552,563,570,579,583,596,596,599,614,628,638,661,672,685,694,709,731,737,752,769,782,795,813,840,860,872,881,893,908,917,928,940,953,953,981,992,1010,1157,1165,1173,1181,1181,1197,1209,1229,1246,1266
4_1,2128,2185,2208,2282,2376,2459,2540,2627,2689,2716,2777,2877,2969,3049,3157,3208,3240,3284,3406,3495,3597,3667,3735,3751,3766,3823,3912,3993,4074,4141,4171,4171,4315,4384,4452,4535,4604,4632,4657,4749,4854,4928,4984,5055,5082,5115,5197,5278,5352,5418,5486,5507,5565,5622,5723,5804,5865,5898,5930,5976,6081,6160,6383,6312,6330,6336,6448,6563,6710,6849,6952,7026,7049,7096,7237,7366,7489,7543,7701,7712,7772,7891,8048,8202,8339,8428,8450,8545,8714,8892,9008,9224,9361,9393,9507,9701,9868,10001,10186,10285,10371,10463,10638,10799,10986,11136,11210,11226,11331,11511,11675,11807,11969,12115,12151,12256,12405,12548,12688,12799,12904,12936,13019,13164,13322,13487,13642,13707,13728,13761,13812,13990,14049,14261,14333,14385,14467,14615,14709,14812,14912,14987,15018,15069,15203,15313,15398,15534
5_1,820,832,842,851,901,921,944,959,967,971,987,1009,1062,1091,1150,1192,1214,1224,1257,1298,1308,1321,1325,1329,1332,1351,1392,1421,1435,1442,1444,1456,1472,1492,1509,1520,1524,1524,1540,1551,1571,1582,1594,1597,1598,1603,1616,1626,1631,1635,1639,1639,1643,1653,1655,1656,1664,1664,1664,1672,1679,1686,1686,1690,1690,1690,1691,1695,1704,1706,1724,1725,1725,1727,1737,1743,1745,1751,1752,1752,1758,1763,1771,1786,1790,1794,1794,1799,1799,1820,1821,1837,1841,1842,1842,1846,1848,1850,1853,1855,1856,1861,1874,1874,1880,1886,1894,1895,1895,1898,1900,1903,1910,1917,1917,1917,1923,1927,1931,1937,1943,1943,1945,1946,1951,1954,1966,1966,1970,1973,1973,1976,1979,1985,1988,1988,1990,1996,2001,2005,2008,2012,2013,2018,2025,2030,2033,2037
6_1,2339,2436,2495,2556,2633,2718,2796,2874,2932,2967,3008,3041,3125,3219,3285,3338,3407,3448,3471,3528,3581,3637,3674,3693,3742,3768,3801,3826,3868,3912,3942,3942,3972,3989,4007,4038,4055,4071,4084,4094,4120,4146,4159,4186,4200,4203,4209,4219,4226,4238,4251,4260,4263,4277,4287,4298,4307,4311,4316,4318,4320,4324,4326,4335,4335,4335,4338,4338,4343,4348,4348,4348,4348,4370,4372,4380,4388,4395,4395,4395,4405,4405,4406,4410,4413,4413,4413,4418,4418,4425,4430,4431,4431,4431,4434,4434,4434,4436,4440,4440,4440,4443,4443,4449,4449,4452,4452,4452,4453,4453,4453,4454,4457,4457,4457,4457,4461,4462,4463,4463,4463,4463,4465,4466,4467,4468,4468,4468,4468,4468,4474,4474,4478,4480,4480,4480,4485,4485,4487,4488,4492,4492,4492,4495,4496,4497,4499,4501
7_1,159,168,177,182,187,193,202,202,202,202,223,236,247,260,271,286,290,297,304,310,317,322,324,326,332,336,345,346,356,361,366,368,373,375,385,388,390,398,398,410,413,414,414,419,422,423,424,426,431,433,434,435,435,503,504,506,506,506,506,506,507,508,510,510,512,512,512,514,515,516,516,515,515,515,521,521,521,523,523,523,523,525,527,529,578,579,579,579,579,581,581,583,585,585,585,587,587,587,588,590,591,591,591,591,592,592,592,592,592,592,595,595,600,600,600,603,603,604,604,604,604,604,605,605,606,606,606,608,609,609,609,609,613,613,613,615,617,618,619,619,620,621,621,627,628,629,630,631
8_1,231,240,251,258,264,264,285,304,311,323,328,336,350,358,368,375,383,392,400,407,412,418,427,432,440,440,445,453,460,462,466,468,470,473,475,479,483,489,491,495,499,502,506,511,515,515,520,523,527,530,531,533,535,537,541,543,546,548,550,551,551,553,554,555,557,559,561,561,564,568,568,568,568,568,571,574,577,577,578,578,579,580,581,581,581,581,582,583,583,584,585,585,585,586,586,587,587,587,589,590,591,591,593,593,594,594,597,597,597,599,600,601,602,604,604,604,604,605,605,605,605,606,607,607,608,609,611,611,611,611,611,615,616,616,616,616,616,616,616,616,616,616,620,621,621,621,621,623
9_1,1314,1364,1379,1399,1468,1535,1596,1667,1713,1719,1735,1779,1827,1875,1917,1963,1973,1996,2051,2094,2144,2189,2232,2236,2251,2257,2317,2362,2411,2446,2450,2459,2529,2564,2607,2660,2688,2700,2711,2765,2800,2847,2877,2925,2931,2938,2993,3018,3061,3104,3144,3161,3172,3236,3281,3327,3366,3390,3418,3446,3503,3550,3617,3684,3702,3731,3778,3840,3889,4009,4102,4197,4242,4276,4408,4520,4677,4793,4895,4981,5072,5205,5345,5518,5653,5777,5853,5931,5931,6332,6586,6843,7021,7083,7157,7401,7626,7747,7927,8109,8186,8277,8553,8765,8913,9140,9345,9451,9538,9758,9931,10046,10168,10274,10325,10397,10580,10733,10867,10957,11104,11119,11187,11374,11500,11649,11749,11809,11847,11868,11914,12114,12326,12500,12595,12605,12641,12787,12939,13086,13224,13285,13296,13316,13416,13618,13795,13915
10_1,1158,1165,1171,1233,1283,1319,1343,1388,1390,1392,1444,1481,1502,1534,1574,1584,1593,1633,1668,1689,1769,1803,1818,1823,1846,1894,1934,1965,1997,1998,2038,2077,2103,2126,2151,2160,2171,2174,2266,2282,2344,2386,2418,2440,2445,2500,2531,2578,2597,2631,2632,2632,2648,2689,2717,2750,2773,2775,2777,2794,2807,2833,2852,2856,2859,2860,2882,2902,2923,2937,2992,2996,2999,3016,3053,3090,3103,3130,3166,3171,3173,3248,3266,3358,3441,3492,3495,3508,3508,3636,3671,3751,3824,3839,3841,3919,3982,4023,4113,4182,4194,4225,4343,4452,4537,4571,4664,4698,4720,4787,4843,4899,4992,5086,5125,5150,5254,5303,5387,5467,5571,5599,5627,5727,5791,5860,5922,5972,6032,6039,6065,6123,6199,6245,6285,6330,6350,6396,6417,6471,6535,6597,6600,6602,6674,6770,6822,6874
11_1,16,16,17,17,17,17,17,17,17,17,17,17,17,17,17,17,17,17,17,17,17,17,17,17,17,17,17,17,17,17,17,17,17,17,17,17,17,17,17,17,17,17,17,17,17,17,17,17,17,17,17,17,17,17,17,17,17,18,18,18,18,18,18,19,19,19,19,19,19,19,19,19,19,22,22,22,22,23,24,24,24,24,25,26,26,26,26,26,26,26,26,26,26,26,26,27,27,29,31,31,31,34,34,38,40,40,40,40,40,41,42,45,46,47,47,49,49,51,55,59,62,63,70,74,75,79,81,84,85,86,88,91,94,96,97,99,99,100,103,107,120,120,120,120,120,122,124,127
12_1,62,63,63,63,65,66,67,67,67,67,69,69,69,72,73,73,73,74,76,76,76,78,78,78,78,81,82,82,82,82,82,83,83,83,83,83,83,83,83,85,85,85,86,86,86,88,88,88,89,89,89,89,89,89,90,90,90,91,91,91,92,92,92,92,92,92,94,94,98,100,101,102,102,102,103,110,114,114,119,119,122,126,135,138,144,146,146,152,160,173,177,189,196,196,200,210,217,223,229,235,237,239,246,246,251,265,269,269,273,282,291,291,304,306,306,314,326,337,343,353,358,358,361,368,372,372,382,384,384,385,389,406,407,412,415,415,419,423,429,434,438,441,442,444,450,453,456,458
13_1,2456,2554,2616,2660,2838,2974,3110,3239,3347,3405,3458,3601,3791,3927,4057,4127,4176,4233,4377,4524,4607,4715,4790,4855,4884,4923,5081,5184,5268,5329,5389,5411,5524,5620,5735,5794,5862,5903,5923,6017,6094,6184,6259,6288,6307,6325,6397,6484,6536,6579,6624,6646,6669,6704,6767,6807,6845,6871,6886,6900,6921,6949,6949,7003,7012,7018,7024,7060,7096,7115,7140,7164,7183,7189,7216,7224,7249,7270,7288,7293,7300,7323,7346,7365,7383,7396,7397,7414,7414,7457,7475,7494,7502,7516,7525,7544,7573,7593,7613,7630,7635,7636,7656,7671,7695,7720,7726,7743,7754,7781,7805,7832,7856,7873,7879,7887,7916,7953,7977,7997,8008,8019,8026,8064,8090,8114,8142,8166,8171,8179,8186,8213,8239,8272,8295,8309,8314,8332,8367,8392,8411,8436,8450,8457,8486,8508,8538,8563
14_1,1062,1115,1132,1151,1213,1264,1295,1328,1362,1379,1411,1444,1481,1506,1550,1596,1607,1621,1675,1716,1764,1791,1812,1824,1830,1848,1869,1904,1943,1943,1966,1975,2020,2029,2050,2078,2110,2121,2135,2158,2172,2197,2214,2231,2240,2251,2265,2289,2304,2327,2346,2350,2363,2377,2385,2394,2403,2424,2427,2432,2447,2455,2468,2487,2493,2493,2504,2524,2539,2539,2544,2563,2567,2569,2582,2592,2602,2610,2627,2629,2632,2649,2666,2683,2687,2698,2704,2707,2707,2731,2744,2768,2768,2772,2776,2788,2800,2807,2816,2830,2831,2834,2859,2874,2894,2902,2917,2920,2926,2954,2968,2979,2991,3000,3002,3011,3033,3257,3265,3276,3283,3289,3294,3310,3323,3330,3347,3360,3362,3366,3378,3395,3408,3418,3434,3435,3437,3458,3469,3475,3492,3501,3504,3510,3520,3530,3548,3566
15_1,170,175,183,187,206,218,230,242,251,264,270,288,306,318,336,346,351,355,366,381,400,418,444,449,456,463,485,500,520,527,532,537,559,565,578,588,598,602,607,622,629,638,642,649,650,653,661,671,676,680,681,685,686,688,690,693,701,703,703,707,713,717,717,720,721,721,722,725,732,740,743,748,749,753,756,758,777,782,787,792,793,799,808,815,820,826,826,829,829,844,854,865,872,874,879,885,893,906,912,925,930,931,937,949,954,964,973,975,979,987,1003,1011,1017,1030,1035,1040,1049,1062,1080,1091,1105,1108,1111,1121,1125,1133,1136,1160,1165,1167,1173,1185,1205,1208,1208,1218,1221,1233,1234,1248,1258,1264,1265,1266,1285,1293,1299,1303
16_1,141,142,145,156,161,164,164,168,173,173,179,184,185,189,192,194,194,195,196,201,203,203,204,204,207,209,210,213,213,213,213,214,220,224,224,232,232,232,236,236,240,240,243,243,243,246,246,247,247,256,264,264,264,264,264,265,267,270,271,273,275,277,277,277,277,277,284,285,286,291,291,288,293,297,297,301,301,304,305,305,311,313,316,316,326,326,332,335,341,349,354,356,358,361,366,366,368,375,380,380,380,387,390,396,403,404,407,407,407,410,414,422,426,430,431,432,433,444,445,446,448,449,450,453,458,466,481,481,483,485,485,492,494,512,521,521,533,533,585,585,598,598,598,600,607,621,631,632
17_1,248,248,253,261,275,283,294,298,304,304,311,321,326,328,332,334,334,346,366,376,386,391,391,391,391,394,400,409,418,431,431,439,442,450,457,465,469,469,471,477,483,493,497,498,498,503,509,516,518,521,523,525,525,536,537,545,552,553,557,559,564,571,579,583,583,583,591,600,606,610,618,620,623,627,633,643,648,656,665,668,669,670,673,680,687,692,696,705,705,720,727,731,736,738,740,747,748,756,763,771,772,774,782,789,795,804,809,812,816,829,841,855,863,871,871,885,894,901,909,917,920,920,933,946,966,976,987,993,996,996,997,1013,1035,1044,1057,1060,1065,1074,1082,1092,1100,1107,1110,1111,1118,1123,1136,1149
18_1,1922,1945,1964,1985,2035,2086,2128,2146,2186,2203,2232,2270,2313,2347,2381,2411,2423,2438,2457,2485,2505,2533,2560,2567,2585,2596,2615,2634,2678,2678,2683,2688,2721,2757,2770,2799,2812,2823,2829,2842,2854,2872,2882,2890,2899,2904,2927,2947,2947,2969,2989,2990,3002,3020,3038,3050,3076,3076,3085,3089,3112,3130,3147,3169,3169,3180,3188,3211,3231,3247,3272,3294,3307,3314,3336,3350,3374,3398,3398,3430,3461,3496,3555,3573,3603,3603,3651,3674,3674,3770,3810,3835,3835,3893,3910,3937,3978,4028,4089,4089,4145,4169,4195,4237,4277,4307,4307,4384,4403,4431,4466,4493,4545,4545,4605,4623,4655,4688,4711,4741,4741,4767,4787,4820,4840,4857,4872,4872,4928,4939,4953,4969,4990,5031,5031,5065,5082,5108,5126,5143,5172,5172,5197,5205,5216,5224,5241,5262
19_1,55,56,57,57,61,62,62,63,64,64,65,65,66,69,69,70,70,71,73,73,73,75,77,78,78,79,81,84,85,89,89,89,94,95,95,98,98,99,99,100,100,100,100,100,100,101,101,102,102,102,102,102,102,102,103,103,103,104,104,105,105,105,105,107,109,109,110,110,111,111,111,114,114,114,114,114,115,117,117,117,117,118,118,118,118,119,119,119,121,121,122,123,123,123,123,123,124,124,124,125,125,125,126,126,126,126,127,127,127,127,127,128,129,130,131,131,131,132,132,132,132,132,132,132,133,133,134,134,134,134,134,134,134,134,134,134,134,134,138,138,138,139,139,140,140,140,140,140
20_1,1008,1092,1136,1162,1223,1277,1327,1377,1429,1467,1489,1558,1625,1674,1723,1772,1815,1840,1898,1949,1999,2044,2087,2148,2310,2314,2343,2362,2362,2407,2433,2455,2608,2654,2695,2727,2768,2786,2797,2838,2867,2893,2926,2952,2972,2983,3001,3029,3054,3071,3093,3104,3118,3133,3149,3166,3185,3200,3208,3217,3228,3247,3253,3267,3280,3284,3294,3306,3323,3334,3350,3358,3369,3375,3381,3393,3400,3405,3422,3427,3436,3452,3467,3474,3474,3485,3485,3491,3491,3538,3538,3547,3557,3568,3571,3580,3593,3602,3613,3626,3634,3640,3652,3665,3675,3684,3691,3697,3699,3705,3714,3721,3731,3739,3746,3751,3758,3770,3780,3786,3800,3809,3812,3817,3823,3833,3842,3853,3859,3862,3866,3869,3879,3884,3892,3897,3898,3901,3910,3918,3925,3932,3937,3939,3949,3958,3964,3974
21_1,3716,3846,4004,4090,4212,4420,4552,4702,4840,4979,5108,5141,5315,5482,5592,5705,5797,5862,5938,6066,6148,6228,6304,6372,6416,6473,6547,6640,6717,6768,6846,7028,7080,7152,7203,7235,7289,7316,7353,7407,7454,7491,7538,7576,7624,7647,7665,7734,7770,7800,7827,7855,7871,7890,7938,7962,8007,8031,8041,8053,8052,8081,8131,8147,8171,8183,8198,8213,8243,8268,8296,8310,8324,8330,8339,8364,8377,8398,8415,8425,8431,8450,8468,8484,8510,8510,8529,8536,8551,8580,8595,8609,8626,8638,8648,8657,8659,8691,8709,8721,8735,8741,8751,8751,8751,8751,8820,8838,8842,8848,8876,8888,8888,8921,8921,8949,8961,8987,9008,9024,9035,9048,9057,9060,9060,9077,9100,9115,9124,9132,9140,9145,9166,9180,9196,9210,9219,9226,9245,9260,9269,9295,9310,9317,9328,9328,9362,9372
22_1,3867,4020,4049,4134,4178,4249,4342,4393,4525,4550,4583,4672,4711,4785,4823,4879,4890,4914,5016,5059,5127,5156,5219,5226,5239,5266,5334,5371,5405,5463,5491,5514,5551,5570,5595,5853,5889,5893,5910,5942,5952,5981,5988,6011,6014,6017,6033,6035,6061,6067,6086,6089,6095,6107,6113,6131,6134,6153,6157,6161,6192,6197,6210,6213,6217,6217,6220,6250,6261,6269,6284,6312,6313,6318,6323,6327,6345,6352,6362,6364,6370,6377,6380,6384,6385,6390,6390,6393,6393,6419,6438,6446,6451,6452,6458,6467,6473,6501,6508,6512,6514,6521,6530,6536,6552,6563,6583,6589,6592,6607,6616,6633,6633,6654,6657,6661,6682,6687,6705,6711,6711,6745,6750,6765,6779,6790,6796,6802,6802,6807,6809,6869,6891,6898,6909,6909,6918,6930,6939,6950,6954,6968,6968,6979,6994,7009,7018,7027
23_1,369,393,417,426,454,484,507,533,557,577,590,613,637,662,681,698,719,728,745,774,806,838,848,865,878,896,929,964,993,1024,1038,1048,1070,1084,1113,1146,1167,1183,1194,1215,1234,1247,1272,1281,1296,1302,1311,1323,1341,1361,1372,1380,1384,1393,1397,1406,1411,1417,1425,1435,1440,1444,1457,1465,1465,1469,1472,1475,1482,1486,1491,1494,1497,1499,1502,1509,1526,1533,1538,1538,1545,1545,1545,1545,1545,1545,1545,1545,1545,1552,1578,1600,1606,1615,1616,1620,1629,1636,1640,1648,1657,1660,1666,1678,1685,1692,1698,1705,1712,1721,1738,1745,1753,1761,1767,1771,1778,1793,1806,1810,1814,1816,1817,1823,1830,1837,1847,1851,1857,1860,1862,1869,1884,1897,1906,1919,1922,1927,1933,1942,1950,1963,1965,1969,1979,1985,1988,1994
24_1,280,291,303,310,342,374,396,407,419,429,434,456,464,479,492,510,521,528,554,570,580,596,616,625,635,652,670,693,710,723,734,739,767,782,794,803,811,817,837,847,868,868,881,889,891,895,915,938,938,938,938,938,976,989,1011,1016,1022,1035,1039,1059,1073,1082,1092,1103,1107,1112,1114,1158,1187,1202,1213,1228,1246,1247,1269,1286,1303,1327,1344,1354,1357,1388,1422,1435,1463,1478,1492,1499,1499,1548,1582,1624,1648,1656,1663,1706,1741,1793,1830,1850,1889,1905,1937,1989,2011,2043,2080,2084,2095,2129,2163,2190,2214,2235,2240,2248,2309,2363,2386,2411,2424,2440,2472,2492,2525,2535,2555,2567,2583,2584,2584,2619,2648,2661,2676,2691,2706,2734,2755,2779,2791,2807,2808,2808,2842,2866,2874,2894
25_1,339,353,354,360,378,398,419,451,474,484,489,524,542,562,577,590,596,607,618,630,661,671,676,681,685,686,695,706,736,770,771,772,782,786,788,798,807,807,819,839,848,860,870,877,877,879,881,907,944,947,955,956,961,966,975,982,990,996,996,1007,1023,1026,1031,1031,1031,1027,1028,1040,1043,1046,1058,1067,1067,1081,1089,1099,1109,1116,1125,1124,1128,1138,1154,1174,1178,1182,1197,1201,1201,1220,1233,1243,1253,1253,1255,1265,1271,1280,1299,1299,1305,1305,1312,1323,1325,1333,1345,1366,1396,1402,1413,1416,1418,1424,1425,1425,1439,1449,1450,1464,1495,1506,1529,1538,1542,1545,1561,1638,1658,1659,1661,1672,1691,1701,1704,1705,1714,1732,1739,1757,1780,1793,1795,1806,1863,1943,1951,1994
26_1,17,17,17,17,17,17,17,17,17,17,17,17,17,17,17,17,17,17,17,17,17,17,17,17,17,18,18,18,18,18,18,18,18,18,18,19,19,19,19,19,19,19,19,19,20,20,20,21,21,21,21,21,22,22,22,22,23,23,23,23,23,23,23,24,24,24,24,24,24,26,29,30,30,33,35,35,36,38,38,38,40,41,43,44,47,47,47,48,48,55,56,61,62,62,65,65,66,67,72,77,77,77,79,82,83,83,84,84,84,86,86,90,90,92,92,93,99,100,100,102,106,106,106,107,111,113,116,118,119,120,121,124,125,133,135,137,140,142,143,145,148,158,159,162,165,167,167,172
27_1,75,78,79,79,82,86,90,91,95,98,100,102,105,111,116,120,120,122,125,132,138,142,142,145,145,148,157,158,163,163,164,172,175,180,181,182,183,183,184,187,191,208,212,212,212,216,227,230,235,240,240,240,245,251,252,254,260,261,261,262,267,268,274,276,276,276,275,274,277,277,277,279,279,282,282,285,294,296,296,296,303,307,308,313,316,316,316,317,317,324,328,333,333,333,333,333,333,336,341,346,346,346,349,352,357,361,362,362,362,362,369,372,374,377,378,382,383,385,390,391,392,392,397,400,400,404,404,404,404,404,407,422,428,435,435,435,436,437,440,443,443,443,443,451,459,462,463,469
28_1,253,269,273,273,278,297,305,313,318,322,322,330,341,348,360,362,365,365,377,377,377,396,406,408,410,410,413,421,424,428,429,432,433,436,445,448,453,454,457,459,460,461,461,462,463,464,466,472,475,478,485,487,490,492,494,495,498,500,500,504,507,511,524,528,530,534,537,548,553,574,579,589,593,593,612,619,626,637,646,647,648,676,704,707,722,732,734,739,739,759,801,830,832,832,847,862,890,899,919,949,957,963,980,995,1030,1045,1069,1072,1072,1072,1072,1171,1195,1197,1197,1200,1230,1250,1250,1287,1301,1302,1302,1305,1336,1336,1373,1386,1389,1393,1393,1412,1429,1439,1449,1449,1456,1482,1494,1506,1524,1528,1530,1531,1531,1546,1564,1573
29_1,81,84,86,86,92,111,114,121,131,133,133,142,150,151,159,171,172,172,182,190,199,204,208,209,210,214,223,232,237,242,245,245,256,265,273,278,283,286,286,294,301,308,315,318,320,320,326,330,331,337,339,339,339,343,347,357,365,367,367,367,371,373,375,376,376,381,382,384,386,387,390,391,391,391,392,394,395,395,396,398,398,400,402,405,409,409,409,409,409,411,415,415,416,417,417,418,418,419,419,419,419,419,419,420,422,423,423,423,423,424,427,428,428,429,429,429,429,430,431,432,432,432,432,432,432,432,432,432,433,433,433,433,434,434,435,436,436,436,438,438,438,438,438,438,438,438,438,438
30_1,7538,7742,7870,7910,8244,8549,8801,8952,9115,9255,9310,9508,9702,9946,10138,10249,10356,10435,10586,10747,10843,10985,11080,11130,11143,11191,11339,11401,11531,11633,11696,11721,11770,11880,11970,12048,12105,12173,12214,12303,12377,12442,12489,12587,12624,12673,12722,12763,12796,12834,12856,12870,12894,12948,12993,13018,13060,14947,14973,14990,15035,15078,15107,15164,15189,15211,15229,15280,15332,15446,15477,15520,15536,15553,15572,15625,15647,15658,15667,15677,15685,15693,15703,15722,15746,15753,15755,15758,15758,15775,15786,15795,15804,15809,15816,15816,15828,15835,15835,15850,15854,15858,15868,15873,15880,15888,15892,15893,15893,15899,15903,15905,15909,15910,15910,15910,15912,15914,15921,15928,15931,15935,15942,15949,15962,15970,15978,15985,15989,15991,15996,16007,16013,16022,16026,16030,16033,16041,16052,16055,16059,16062,16064,16065,16072,16079,16090,16097
31_1,131,138,150,150,162,169,172,181,191,200,208,219,231,242,253,253,253,270,276,283,294,302,308,317,320,325,329,335,344,351,356,362,367,375,383,387,392,396,400,404,410,420,426,431,435,440,447,452,456,464,466,469,469,476,480,485,489,491,492,493,497,500,503,511,513,513,515,519,527,533,539,543,545,548,551,557,562,565,569,571,578,588,591,596,601,607,614,619,619,632,635,642,651,654,655,658,670,669,675,681,685,690,693,695,697,703,711,714,718,723,729,734,739,743,745,747,750,755,764,767,769,770,779,787,790,791,794,800,803,807,807,813,816,818,821,823,823,830,832,836,841,847,849,851,854,857,859,865
32_1,23751,23983,24528,24782,25070,25948,26254,26458,26720,26889,27066,27325,27492,27657,27798,27966,28140,28282,28424,28527,28687,28789,28886,29032,29124,29226,29323,29419,29517,29557,29634,29746,29825,29894,29985,30038,30107,30152,30207,30276,30342,30395,30473,30535,30578,30611,30657,30695,30728,30815,30838,30888,30931,30981,31000,31028,31074,31104,31136,31136,31775,31789,31812,31834,31854,31894,31908,31926,31943,31978,32002,32004,32025,32072,32088,32112,32132,32146,32165,32186,32200,32214,32227,32264,32292,32292,32301,32318,32327,32340,32360,32370,32388,32402,32408,32417,32425,32429,32438,32447,32456,32463,32474,32482,32501,32512,32516,32527,32540,32552,32557,32557,32561,32570,32588,32594,32600,32603,32613,32620,32628,32640,32647,32654,32665,32672,32678,32683,32689,32700,32708,32711,32714,32719,32728,32732,32739,32739,32760,32766,32777,32785,32791,32796,32795,32797,32802,32814
33_1,398,419,421,428,450,475,505,525,542,545,548,574,594,610,636,647,654,656,686,697,711,722,731,738,748,760,789,789,854,875,875,896,919,937,955,962,987,990,1001,1024,1041,1058,1086,1099,1104,1113,1147,1161,1169,1191,1206,1214,1217,1244,1264,1283,1285,1311,1315,1318,1334,1361,1378,1388,1395,1396,1398,1420,1440,1459,1476,1488,1503,1510,1551,1565,1565,1606,1629,1634,1642,1668,1698,1726,1746,1778,1785,1790,1790,1861,1901,1922,1962,1967,1980,2008,2049,2091,2133,2159,2167,2171,2203,2203,2286,2312,2342,2346,2348,2396,2431,2465,2494,2520,2530,2534,2567,2604,2628,2652,2683,2692,2702,2741,2779,2803,2803,2888,2889,2896,2909,2957,2990,3023,3047,3052,3060,3111,3147,3178,3207,3233,3242,3246,3286,3316,3356,3409
34_1,23,24,25,25,25,31,31,33,34,35,36,38,40,40,42,42,43,44,45,49,51,52,52,53,54,54,56,57,59,59,59,61,65,66,66,71,72,72,72,72,73,74,74,74,74,74,74,74,75,76,76,77,77,78,78,78,78,78,79,79,79,80,80,80,80,80,80,84,85,85,85,87,87,87,88,88,89,90,90,92,93,94,96,97,99,99,99,99,100,102,103,103,103,105,105,107,108,109,110,112,112,112,118,120,120,121,121,124,126,128,130,130,132,135,136,137,138,138,139,139,141,142,143,145,148,150,150,155,156,156,156,157,160,164,167,168,170,172,172,182,184,192,192,193,196,203,211,211
35_1,1002,1021,1038,1056,1132,1224,1271,1304,1331,1341,1357,1436,1482,1534,1580,1610,1625,1657,1720,1780,1834,1871,1951,1966,1984,1999,2040,2096,2129,2146,2151,2203,2256,2297,2336,2354,2370,2377,2403,2421,2457,2490,2508,2554,2557,2573,2596,2611,2633,2667,2697,2700,2704,2734,2754,2771,2787,2803,2806,2817,2862,2876,2876,2903,2906,2910,2926,2969,2990,3005,3030,3033,3054,3060,3067,3074,3103,3112,3132,3171,3184,3209,3225,3254,3294,3295,3305,3342,3342,3420,3441,3485,3510,3526,3535,3566,3595,3618,3650,3666,3667,3672,3706,3731,3755,3784,3823,3826,3831,3871,3906,3927,3955,3975,3978,3985,3996,4044,4076,4105,4125,4126,4137,4164,4175,4225,4246,4255,4258,4276,4298,4324,4354,4402,4411,4415,4418,4506,4554,4580,4607,4612,4615,4623,4635,4687,4715,4734
36_1,230,238,238,238,247,253,260,266,270,271,273,278,278,284,285,288,288,288,294,299,304,307,311,311,313,318,322,325,328,333,333,333,339,341,344,345,347,348,348,353,355,357,359,359,359,359,363,364,366,367,368,369,369,371,372,375,377,384,385,385,387,389,395,397,397,397,398,404,407,410,416,421,422,424,428,432,438,445,451,451,452,461,474,477,484,495,495,495,495,523,536,541,549,550,551,566,582,593,600,603,603,605,618,627,638,644,657,661,665,682,698,709,715,725,726,730,744,763,778,786,797,798,800,809,821,835,846,850,853,853,854,863,876,888,899,905,905,912,924,930,939,942,945,947,962,970,981,993
37_1,104,109,109,109,113,115,121,124,127,127,130,130,134,137,137,137,137,138,140,144,145,147,147,148,148,148,148,151,151,153,153,154,157,159,159,161,161,164,164,169,169,171,173,174,176,180,182,183,187,188,189,190,192,192,195,197,201,202,202,204,207,208,209,209,213,215,215,220,224,230,232,232,234,237,244,247,249,254,257,260,262,269,271,273,282,286,289,289,289,310,315,321,324,325,328,333,338,339,348,354,355,356,368,375,383,385,385,385,388,397,408,412,414,416,416,419,426,432,437,446,446,446,458,464,467,469,474,474,475,476,485,493,496,498,502,508,510,518,519,520,520,520,521,528,531,537,539,542
38_1,2352,2417,2441,2454,3001,3094,3395,3586,3669,3687,3710,3785,3917,4120,4170,4203,4206,4493,4623,4765,4868,4984,5096,5124,5139,5152,5265,5373,5464,5536,5536,5536,5666,5741,5816,5884,5929,5941,5951,6012,6060,6111,6160,6209,6213,6242,6275,6318,6360,6398,6418,6422,6425,6463,6517,6555,6578,6601,6604,6613,6648,6684,6711,6745,6748,6752,6753,6786,6812,6848,6880,6897,6904,6911,6931,6957,6973,6992,7007,7015,7018,7038,7063,7079,7101,7114,7117,7121,7121,7175,7175,7189,7204,7209,7209,7232,7244,7282,7297,7313,7314,7317,7352,7385,7409,7445,7465,7468,7468,7499,7523,7538,7558,7576,7578,7579,7604,7623,7635,7653,7671,7673,7673,7691,7712,7732,7742,7760,7760,7779,7790,7805,7820,7837,7837,7837,7869,7875,7903,7913,7934,7956,7980,8004,8023,8062,8079,8081
39_1,279,296,320,341,355,370,388,399,418,422,430,444,462,468,479,489,499,506,532,538,556,579,597,608,621,634,655,677,715,718,720,720,732,742,756,772,772,772,799,808,812,823,833,833,845,851,865,876,885,885,894,894,903,906,912,920,927,927,927,946,950,956,956,960,960,960,960,968,970,973,975,975,975,983,984,983,984,986,986,986,987,987,993,993,993,994,993,993,993,993,993,993,1001,1001,1001,1001,1006,1006,1006,1006,1006,1006,1006,1013,1013,1013,1001,1001,1001,1001,1008,1008,1008,1008,1008,1008,1008,1020,1020,1020,1020,1020,1020,1020,1031,1031,1031,1031,1031,1031,1031,1042,1042,1042,1042,1042,1042,1042,1055,1055,1055,1055,1055,1055,1055,1078,1078,1078
40_1,256,267,275,282,295,304,315,319,329,330,343,352,361,370,379,380,385,391,399,407,416,419,425,435,440,446,466,470,483,483,494,500,501,518,525,538,545,546,557,568,575,587,592,598,599,601,606,617,620,638,643,652,657,673,683,691,692,707,712,717,735,759,777,786,805,813,818,838,876,898,922,940,950,961,984,984,1053,1078,1117,1138,1147,1203,1242,1294,1339,1411,1436,1452,1452,1551,1599,1646,1683,1709,1721,1774,1819,1872,1916,1916,2029,2046,2097,2186,2186,2204,2259,2268,2287,2341,2358,2399,2458,2490,2501,2508,2527,2572,2627,2654,2698,2709,2720,2757,2794,2807,2844,2876,2886,2906,2911,2939,2974,3023,3039,3061,3074,3095,3128,3153,3173,3184,3196,3208,3237,3262,3278,3297
41_1,21,21,21,21,24,29,31,31,34,34,34,39,39,43,44,44,44,44,44,46,48,50,50,50,50,50,54,54,59,60,60,62,62,62,64,65,65,65,65,68,69,73,74,75,75,75,77,78,78,81,81,81,81,83,84,87,88,91,91,91,91,93,93,96,96,96,97,98,98,101,107,109,109,109,109,111,115,116,116,118,118,118,119,121,122,122,123,123,123,129,129,130,134,135,135,136,137,141,144,146,146,146,146,146,148,150,152,153,153,154,155,157,159,159,161,161,161,162,162,165,167,167,167,167,169,169,170,173,173,173,173,173,177,177,183,184,184,184,192,193,198,200,202,202,202,202,210,216
42_1,204,209,210,219,226,238,238,241,242,243,251,264,272,287,290,295,298,301,305,309,313,315,325,332,334,338,348,351,359,364,364,365,375,382,395,404,413,414,417,429,431,436,461,465,467,475,485,490,501,507,516,518,523,534,548,558,568,577,577,585,597,602,612,625,629,639,644,656,678,700,713,728,731,737,756,773,786,815,828,834,838,861,877,912,937,962,963,977,977,1018,1032,1060,1067,1073,1092,1116,1143,1185,1203,1213,1221,1231,1268,1286,1311,1324,1345,1366,1387,1425,1452,1487,1548,1562,1566,1587,1627,1647,1672,1699,1722,1743,1748,1771,1785,1811,1836,1862,1865,1867,1892,1929,1986,2022,2060,2074,2093,2123,2147,2160,2192,2213,2215,2230,2258,2273,2309,2352
43_1,814,845,865,882,904,943,969,1000,1045,1084,1095,1128,1154,1212,1268,1301,1331,1341,1363,1410,1431,1470,1495,1507,1515,1522,1546,1584,1609,1630,1654,1660,1676,1711,1743,1764,1792,1804,1810,1829,1860,1895,1912,1930,1949,1956,2001,2032,2073,2103,2126,2142,2152,2178,2205,2251,2282,2321,2348,2358,2379,2438,2480,2530,2563,2591,2608,2669,2765,2870,2965,3063,3143,3186,3269,3375,3498,3663,3782,3843,3883,3949,4069,4172,4280,4370,4472,5668,5668,6111,6271,6567,6835,6835,7014,7259,7495,7801,8093,8339,8452,8483,8701,9023,9278,9588,9825,9968,10019,10249,10556,10790,11048,11262,11366,11391,11572,11801,12065,12261,12415,12505,12531,12674,12863,13084,13224,13401,13465,13484,13545,13685,13846,13990,14137,14184,14205,14336,14471,14582,14705,14841,14887,14911,14988,15123,15262,15356
44_1,46,49,50,50,56,58,61,61,68,68,68,73,75,75,75,78,80,80,81,90,92,93,97,97,98,101,105,106,108,108,108,113,113,117,117,121,121,121,124,127,128,132,139,139,139,143,145,149,152,155,155,158,158,163,163,164,166,167,167,168,172,173,176,181,181,183,190,194,201,202,207,212,215,215,226,233,234,235,243,243,243,251,260,267,274,274,274,281,285,291,299,303,309,310,313,320,327,330,335,335,336,345,349,351,353,360,362,363,365,369,378,378,378,386,386,390,397,400,403,407,407,407,407,409,409,414,419,420,422,423,424,427,430,431,433,433,436,436,437,437,437,440,440,441,443,444,444,448
45_1,49,50,52,52,52,52,53,53,53,53,53,53,53,53,53,53,54,54,54,54,54,54,54,54,54,54,54,55,55,55,55,55,55,55,55,55,55,55,55,55,55,55,55,55,55,55,55,55,56,56,56,56,56,56,56,56,56,56,56,56,56,56,56,56,56,56,56,56,56,56,56,56,56,56,56,56,56,56,56,56,56,56,56,56,56,56,56,56,56,56,56,57,57,57,57,57,57,58,58,58,58,58,58,58,58,58,58,58,58,58,58,58,58,58,58,58,58,58,58,58,58,58,58,58,58,58,58,58,58,58,58,58,58,58,58,58,58,58,58,58,58,58,58,58,58,58,58,58
46_1,581,617,661,685,714,714,770,812,828,840,850,890,927,954,977,1002,1009,1014,1041,1074,1098,1132,1157,1169,1203,1227,1272,1327,1349,1361,1366,1381,1397,1416,1432,1442,1449,1460,1466,1483,1502,1511,1524,1532,1536,1541,1560,1571,1578,1595,1600,1604,1613,1635,1652,1668,1694,1717,1725,1732,1755,1779,1808,1835,1840,1845,1845,1872,1896,1946,1951,1955,1957,1966,1983,1998,2006,2018,2020,2020,2024,2040,2044,2048,2061,2070,2071,2076,2076,2118,2135,2165,2205,2208,2210,2241,2269,2295,2309,2315,2319,2320,2336,2343,2356,2362,2373,2373,2377,2387,2410,2427,2436,2443,2467,2471,2493,2513,2525,2546,2566,2567,2578,2611,2639,2651,2661,2677,2677,2683,2685,2696,2706,2710,2721,2723,2742,2838,2882,2915,2946,2987,3011,3017,3057,3088,3112,3136
47_1,822,829,833,840,861,869,890,904,920,930,944,961,974,982,991,999,1000,1001,1030,1036,1044,1050,1050,1061,1070,1078,1095,1106,1111,1118,1118,1124,1129,1135,1138,1149,1153,1159,1161,1176,1189,1194,1202,1211,1215,1218,1222,1223,1242,1252,1262,1266,1272,1281,1290,1297,1302,1308,1308,1318,1330,1337,1340,1349,1351,1356,1367,1379,1389,1403,1417,1417,1429,1392,1399,1420,1426,1433,1443,1446,1451,1461,1465,1477,1486,1492,1498,1516,1516,1552,1561,1561,1592,1592,1599,1616,1622,1649,1670,1670,1687,1693,1712,1722,1735,1752,1762,1776,1782,1804,1820,1834,1846,1855,1860,1863,1871,1877,1887,1900,1900,1900,1911,1925,1932,1941,1950,1950,1950,1950,1950,1976,1983,1991,1991,1991,2006,2015,2020,2029,2036,2036,2036,2035,2066,2078,2083,2098
48_1,46,49,49,49,49,50,50,51,52,53,56,57,58,61,63,64,66,67,67,68,70,71,71,71,71,73,73,73,73,73,73,75,77,78,79,84,84,84,84,84,85,86,88,88,88,88,88,88,88,88,88,89,90,92,92,92,92,93,93,93,93,93,93,93,94,95,95,95,95,95,95,96,96,97,97,98,99,100,100,100,100,101,101,103,103,103,103,106,111,112,115,116,116,117,117,124,124,124,127,131,139,141,147,153,153,157,159,159,159,162,164,165,170,176,178,179,186,189,195,199,210,211,212,219,228,236,241,242,245,246,250,253,255,262,264,264,274,274,290,294,297,308,310,312,317,319,325,330
49_1,326,334,339,340,353,362,374,384,398,400,409,418,421,434,445,452,452,458,467,481,487,496,507,510,513,516,539,550,568,588,592,595,607,616,626,633,645,646,646,661,670,681,688,691,692,694,702,712,719,729,743,743,744,749,757,765,766,777,777,777,784,786,793,796,796,796,796,804,807,809,814,820,820,820,826,827,831,833,843,844,846,859,865,878,878,891,892,893,893,911,919,933,947,948,949,961,970,977,989,994,995,996,1004,1011,1018,1025,1038,1039,1039,1047,1060,1066,1068,1081,1081,1081,1094,1100,1111,1113,1119,1121,1121,1130,1142,1145,1152,1167,1167,1167,1168,1183,1193,1197,1209,1210,1210,1219,1226,1230,1237,1240,1241,1243,1251,1259,1265,1274
50_1,7,7,7,7,7,7,7,7,7,7,7,7,7,7,7,7,8,10,10,11,12,12,12,12,12,13,14,15,15,15,15,17,17,17,17,17,17,17,17,17,18,18,18,18,18,18,18,18,18,20,20,20,20,20,20,20,20,20,20,20,20,20,20,20,20,20,20,20,21,21,21,21,21,21,22,22,24,24,24,24,24,25,25,25,25,25,25,25,25,25,25,25,25,25,26,26,26,26,27,27,27,27,27,27,28,28,28,28,31,32,32,32,35,37,37,37,37,37,37,37,37,37,37,41,41,41,42,42,42,42,42,42,42,42,42,42,42,42,46,46,49,49,49,49,49,49,50,50
