Series ID,2020-04-01,2020-04-02,2020-04-03,2020-04-04,2020-04-05,2020-04-06,2020-04-07,2020-04-08,2020-04-09,2020-04-10,2020-04-11,2020-04-12,2020-04-13,2020-04-14,2020-04-15,2020-04-16,2020-04-17,2020-04-18,2020-04-19,2020-04-20,2020-04-21,2020-04-22,2020-04-23,2020-04-24,2020-04-25,2020-04-26,2020-04-27,2020-04-28,2020-04-29,2020-04-30,2020-05-01,2020-05-02,2020-05-03,2020-05-04,2020-05-05,2020-05-06,2020-05-07,2020-05-08,2020-05-09,2020-05-10,2020-05-11,2020-05-12,2020-05-13,2020-05-14,2020-05-15,2020-05-16,2020-05-17,2020-05-18,2020-05-19,2020-05-20,2020-05-21,2020-05-22,2020-05-23,2020-05-24,2020-05-25,2020-05-26,2020-05-27,2020-05-28,2020-05-29,2020-05-30,2020-05-31,2020-06-01,2020-06-02,2020-06-03,2020-06-04,2020-06-05,2020-06-06,2020-06-07,2020-06-08,2020-06-09,2020-06-10,2020-06-11,2020-06-12,2020-06-13,2020-06-14,2020-06-15,2020-06-16,2020-06-17,2020-06-18,2020-06-19,2020-06-20,2020-06-21,2020-06-22,2020-06-23,2020-06-24,2020-06-25,2020-06-26,2020-06-27,2020-06-28,2020-06-29,2020-06-30,2020-07-01,2020-07-02,2020-07-03,2020-07-04,2020-07-05,2020-07-06,2020-07-07,2020-07-08,2020-07-09,2020-07-10,2020-07-11,2020-07-12,2020-07-13,2020-07-14,2020-07-15,2020-07-16,2020-07-17,2020-07-18,2020-07-19,2020-07-20,2020-07-21,2020-07-22,2020-07-23,2020-07-24,2020-07-25,2020-07-26,2020-07-27,2020-07-28,2020-07-29,2020-07-30,2020-07-31,2020-08-01,2020-08-02,2020-08-03,2020-08-04,2020-08-05,2020-08-06,2020-08-07,2020-08-08,2020-08-09,2020-08-10,2020-08-11,2020-08-12,2020-08-13,2020-08-14,2020-08-15,2020-08-16,2020-08-17,2020-08-18,2020-08-19,2020-08-20,2020-08-21,2020-08-22,2020-08-23,2020-08-24,2020-08-25,2020-08-26,2020-08-27,2020-08-28,2020-08-29,2020-08-30,2020-08-31,2020-09-01,2020-09-02,2020-09-03,2020-09-04,2020-09-05,2020-09-06,2020-09-07,2020-09-08,2020-09-09,2020-09-10,2020-09-11,2020-09-12,2020-09-13,2020-09-14,2020-09-15,2020-09-16,2020-09-17,2020-09-18,2020-09-19,2020-09-20,2020-09-21,2020-09-22,2020-09-23,2020-09-24,2020-09-25,2020-09-26,2020-09-27,2020-09-28,2020-09-29,2020-09-30,2020-10-01,2020-10-02,2020-10-03,2020-10-04,2020-10-05,2020-10-06,2020-10-07,2020-10-08
0_0,0,0,0,0,0,0,0,0,0,0,0,0,0,0,0,0,0,0,0,0,0,0,0,0,0,0,0,0,0,0,0,0,0,0,0,0,0,0,0,0,0,0,0,0,0,0,0,0,0,0,7951,7951,7951,7951,7951,7951,9355,9355,9355,9355,9355,9355,11395,11395,11395,11395,11395,11395,11395,13508,13508,13508,13508,13508,13508,13508,15974,15974,15974,15974,15974,15974,15974,18866,18866,18866,18866,18866,18866,18866,18866,22082,22082,22082,22082,22082,22082,22082,25783,25783,25783,25783,25783,25783,29736,29736,29736,29736,29736,29736,29736,29736,32510,32510,32510,32510,32510,32510,32510,35401,35401,35401,35401,35401,35401,37923,37923,37923,37923,37923,37923,37923,41523,41523,41523,41523,41523,41523,41523,41523,44684,44684,44684,44684,44684,44684,48028,48028,48028,48028,48028,48028,48028,51154,51154,51154,51154,51154,51154,51154,54223,54223,54223,54223,54223,54223,54223,61232,61232,61232,61232,61232,61232,61232,64583,64583,64583,64583,64583,64583,64583,67948,67948,67948,67948,67948,67948,67948,67948,71240
1_0,0,0,0,0,0,29,32,49,55,63,66,85,98,106,110,128,147,153,161,168,196,209,208,217,217,218,228,240,252,254,261,262,263,277,284,291,305,318,324,328,334,338,339,343,344,344,345,348,352,356,356,358,358,361,362,364,366,367,368,368,368,371,373,376,380,382,382,384,389,392,397,403,405,411,417,429,438,449,457,464,475,491,502,507,513,519,521,521,525,526,528,535,539,544,548,548,560,563,571,588,598,615,620,642,669,688,697,708,712,712,737,753,787,800,815,817,817,836,854,885,898,930,932,946,987,1017,1220,1238,1254,1269,1332,1344,1359,1360,1371,1384,1418,1432,1468,1501,1513,1601,1686,1745,1861,1967,2088,2109,2183,2201,2233,2238,2246,2281,2288,2295,2321,2323,2323,2339,2340,2351,2359,2377,2377,2377,2402,2407,2408,2422,2438,2438,2439,2668,2731,2731,3042,3267,3502,3771,4324,4555,4838,5042,5199,5281,5455,5455,5626,5672
2_0,0,0,0,0,0,0,0,0,0,0,0,0,249,385,460,539,539,994,1155,1155,1265,1282,1313,1345,1383,1418,1450,1475,1499,1528,1565,1597,1632,1671,1693,1722,1747,2684,2775,2852,2909,2979,3074,3145,3357,3450,3570,3693,3773,3872,3949,4033,4132,4204,4297,4361,4452,4551,4657,4761,4869,4967,5076,5172,5298,5399,5517,5639,5764,5851,5980,5980,6209,6333,6462,6598,6715,6863,7018,7196,7387,7581,7746,7936,8139,8389,8659,8926,9179,9411,9715,10137,10478,10903,11361,11836,12260,12803,13341,13853,14394,14829,15254,15678,16155,16684,17184,17661,18149,18518,18863,19293,19737,20171,20566,20978,21321,21626,21994,22358,22714,23064,23413,23702,23944,24222,24531,24815,25163,25527,25848,26102,26418,26736,27029,27339,27582,27800,28027,28233,28471,28731,28932,29147,29341,29526,29734,29939,30123,30331,30539,30682,30841,31021,31201,31384,31548,31721,31866,32003,32151,32310,32472,32628,32817,32975,33095,33250,33381,33526,33668,33835,33946,34053,34227,34393,34564,34730,34872,34998,35125,35261,35411,35553,35696,35838,36007,36167,36336,36534
3_0,47,60,79,97,102,142,208,288,312,340,367,391,427,489,548,593,703,721,749,809,863,902,929,964,985,987,1146,1249,1305,1973,1987,1999,2016,2041,2109,2123,2159,2968,2968,3149,3220,3220,3277,3390,3472,3590,3645,3739,3852,3915,4029,4029,4148,4249,4332,4424,4583,4583,5166,5275,5401,5401,5717,5717,5919,6266,6424,6424,6875,7116,7351,7607,7607,8110,8352,8352,8996,9376,9712,10082,10082,10793,11220,11568,12127,12127,12784,13270,14066,14531,15163,15698,16164,16726,16726,17834,17834,18725,19992,20642,20642,21591,22106,22844,23523,24195,24776,24776,25292,26397,27283,27990,28864,29827,29827,31622,32365,33188,33938,34737,35413,36034,36034,37240,38000,38848,39555,40360,40360,41452,42130,42998,42998,44602,45446,44905,45572,46133,46970,47666,48458,49135,49764,50251,50689,51351,51901,52665,53331,54133,54408,54961,55647,56261,56889,57547,57968,58295,58757,59260,59920,60668,61245,61245,61819,62740,63415,64145,64145,65542,66003,66397,66934,69184,69952,70737,71426,72051,72602,73573,74440,75312,76186,76186,77772,78358,79052,79052,80703,81563
4_0,0,0,0,0,0,0,0,0,0,0,0,0,0,0,0,0,0,0,0,0,0,0,0,2086,2150,2150,2275,2275,2415,2486,2553,2607,2650,2743,2801,2869,2869,2974,3023,3076,3114,3171,3217,3217,3312,3346,3346,3431,3478,3532,3580,3612,3640,3666,3702,3741,3783,3838,3859,3919,3919,3954,3983,4014,4034,4055,4074,4091,4112,4130,4150,4169,4184,4178,4196,4196,4231,4253,4280,4296,4309,4328,4342,4370,4392,4412,4430,4442,4459,4479,4502,4524,4541,4557,4568,4603,4636,4669,4669,4691,4728,4749,4780,4808,4844,4880,4909,4927,4948,4969,5019,5064,5095,5122,5133,5158,5182,5212,5243,5277,5309,5334,5359,5393,5424,5449,5471,5490,5490,5507,5554,5579,5608,5630,5644,5660,5660,5695,5712,5729,5759,5759,5791,5804,5823,5841,5867,5881,5907,5921,5933,5946,5953,5979,5992,6011,6029,6049,6057,6074,6093,6102,6117,6139,6156,6162,6184,6197,6220,6241,6254,6274,6291,6306,6332,6351,6384,6404,6424,6441,6469,6500,6531,6556,6576,6609,6635,6655,6696,6727
5_0,0,0,0,0,0,0,0,0,0,0,0,0,0,0,0,0,0,0,0,0,0,0,0,0,0,0,0,0,0,4346,4346,4346,4346,4346,4346,5413,5413,5413,5413,5413,5413,5413,6264,6264,6264,6264,6264,6264,6264,6264,7127,7127,7127,7127,7127,7127,7127,7127,7127,7127,7511,7511,7511,7284,7284,7284,7284,7284,7284,7284,7611,7611,7611,7611,7611,7611,7611,7842,7842,7842,7842,7842,7842,7842,8053,8053,8053,8053,8053,8053,8053,8210,8210,8210,8210,8210,8210,8210,8351,8351,8351,8351,8351,8351,8351,8466,8466,8466,8466,8466,8466,8466,8516,8516,8516,8516,8516,8516,8516,8613,8613,8613,8613,8613,8613,8613,8721,8721,8721,8721,8721,8721,8721,8809,8809,8809,8809,8809,8809,8809,8893,8893,8893,8893,8893,8893,8893,8967,8967,8967,8967,8967,8967,8967,9049,9049,9049,9049,9049,9049,9049,9142,9142,9142,9142,9142,9142,9142,9204,9204,9204,9204,9204,9204,9204,9310,9310,9310,9310,9310,9310,9310,9408,9408,9408,9408,9408,9408,9408,9522
6_0,49,71,71,71,71,144,144,173,177,191,191,213,277,354,378,423,423,466,495,565,599,643,703,809,911,996,1096,1173,1275,1403,1546,1640,1716,1847,2008,2110,2288,2450,2537,2619,2802,2942,3080,3210,3367,3478,3545,3760,3965,4130,4296,4454,4598,4693,4802,4909,5010,5103,5205,5266,5353,5442,5493,5562,5631,5696,5792,5791,5888,5939,6001,6062,6116,6172,6172,6256,6305,6350,6395,6395,6459,6459,6554,6598,6646,6661,6665,6665,6665,6667,6676,6678,6692,6711,6740,6778,6815,6851,6901,6949,7002,7120,7139,7184,7236,7269,7315,7362,7362,7362,7362,7859,7893,7936,7961,7996,8035,8076,8108,8140,8179,8212,8235,8267,8303,8339,8365,8392,8416,8449,8500,8519,8519,8587,8613,8649,8671,8713,8749,8780,8809,8839,8923,8936,8972,9010,9050,9101,9156,9271,9318,9381,9419,9467,9514,9582,9641,9696,9847,9920,9920,10027,10027,10063,10077,10091,10165,10189,10193,10201,10257,10299,10376,10411,10443,10487,10517,10541,10557,10577,10599,10622,10648,10678,10748,10806,10880,10990,11071,11146
7_0,173,206,235,258,287,318,361,393,426,447,493,507,518,530,552,573,608,622,630,636,645,648,651,652,657,659,660,660,660,666,666,666,666,667,808,825,825,879,880,881,886,934,966,975,998,1023,1028,1040,1059,1061,1069,1075,1075,1080,1080,1082,1082,1089,1100,1116,1126,1137,1138,1138,1138,1138,1143,1143,1143,1143,1143,1143,1143,1150,1155,1155,1155,1155,1162,1166,1172,1182,1182,1182,1182,1186,1194,1199,1200,1270,1451,1465,1497,1523,1542,1553,1574,1625,1662,1703,1717,1737,1756,1774,1809,1843,1863,1877,1886,1909,1932,1974,2020,9582,9603,9607,9639,9664,9723,9777,9816,9816,9870,9893,9959,10015,10094,10118,10124,10156,10188,10232,10300,10361,10416,10452,10493,10521,10595,10596,10720,10772,10800,10812,10835,10885,10923,10986,11010,11046,11087,11105,11150,11211,11254,11297,11323,11355,11366,11414,11452,11498,11526,11561,11574,11592,11630,11691,11763,11802,11823,11829,11856,11886,11929,11956,11990,12029,12037,12053,12115,12155,12202,12252,12252,12299,12306,12350,12350,12431
8_0,69,72,78,82,85,89,113,113,251,284,300,310,315,333,359,374,390,410,414,423,437,444,455,463,482,488,493,505,516,526,532,541,544,548,551,558,565,566,551,561,561,563,563,564,565,572,573,574,578,578,579,585,589,591,592,593,600,604,605,606,608,608,609,612,611,614,616,617,618,621,622,623,627,628,629,630,637,639,640,642,644,651,669,673,686,696,705,714,719,722,736,741,746,754,756,777,781,797,811,840,847,872,890,911,921,951,975,994,1019,1043,1057,1084,1113,1125,1148,1167,1179,1191,1205,1215,1226,1243,1269,1294,1315,1354,1402,1440,1467,1511,1548,1586,1665,1716,1716,1756,1808,1841,1868,1977,2031,2031,2072,2107,2143,2236,2236,2288,2371,2410,2477,2520,2578,2634,2689,2778,2855,2931,2991,3028,3063,3120,3176,3334,3418,3565,3693,3885,4105,4248,4394,4622,4759,4888,4992,5125,5265,5397,10126,10155,10215,10256,10298,10340,10389,10415,10446,10470,10526,10573
9_0,0,0,0,0,0,0,0,0,0,0,0,0,0,0,0,390,453,520,585,660,710,767,822,867,938,983,1039,1087,1121,1175,1215,1267,1267,1358,1379,1399,1420,1442,1473,1473,1508,1536,1557,1573,1588,1612,1612,1649,1668,1688,1720,1735,1755,1755,1755,2100,2185,2195,2225,2248,2248,2266,2282,2311,2362,2408,2461,2461,2509,2554,2628,2684,2776,2837,2837,2877,2921,3013,3088,3183,3305,3305,3405,3484,3610,3712,3827,3898,3898,4073,4233,4393,2801,2831,2858,2886,2907,2932,2978,3022,3066,3114,3179,3262,3360,3513,3676,3827,3989,4149,4335,4504,4746,5008,5251,5483,5731,5964,6203,6472,6744,6998,7146,7370,7617,7875,8207,8486,8738,8921,9157,9341,9548,9850,10089,10369,10616,10883,11093,11397,11733,12007,12359,12606,12867,13081,13353,13657,13928,14175,14490,14712,14963,15212,15585,15787,16071,16339,16554,16760,16956,17304,17599,18052,18406,18619,18826,19075,19405,19691,19915,20105,20304,20485,20674,20901,21105,21291,21468,21630,21796,21976,22180,22371,22568,22744,22930,23115,23288,23475
10_0,0,0,0,0,0,0,0,0,0,0,0,0,0,0,0,0,0,0,0,0,0,0,0,0,0,0,0,0,0,0,0,0,0,0,0,0,0,0,0,0,0,0,0,0,0,0,0,0,0,0,0,0,0,0,0,0,0,0,0,21704,22224,22623,23182,23707,24317,24729,25138,25608,26205,26791,27321,27811,28241,28522,28744,29093,29671,30175,30760,31110,31302,31739,32152,32152,33036,33396,33725,33935,34348,34646,35025,35405,35756,36076,36475,36788,36999,37462,37795,38120,38441,38623,38914,39155,39571,40004,40421,40722,40965,41322,41322,41322,42603,43066,43535,43809,44124,44548,45058,45751,46466,46955,47355,47355,43535,51709,53301,54068,54068,54068,54068,56349,57209,57209,59073,59488,59801,60677,61518,62483,63262,64131,64131,64131,64131,66703,67673,68675,69723,70183,70534,71591,72391,73390,74288,75222,75680,76023,77015,77939,78925,79859,80738,81089,81405,82311,83279,84336,85334,86260,86260,87090,88173,89072,90069,90979,91866,92306,92552,92847,93921,94816,95655,94816,96845,96845,98127,98988,99802,100528
11_0,46,188,188,188,284,341,431,476,506,585,674,741,741,908,987,1007,1095,1171,1235,1293,1428,1492,1604,1723,1900,2021,2164,2428,2697,2899,3156,3325,3486,3572,3803,4266,4685,5011,5154,5249,5618,5954,6231,6561,6927,7154,7324,8130,8362,8672,9079,9254,9318,9377,9791,10016,10359,10753,11019,11147,11440,11742,12064,12333,12585,12715,12805,13028,13411,13628,13956,14227,14326,14383,14625,15025,15289,15604,15816,15963,16068,16240,16579,16858,17017,17313,17467,17620,17851,23212,23607,23993,24338,24604,24739,25121,25594,25974,26340,25891,26104,26234,26664,26952,27177,27404,27609,27820,27894,28024,28388,28607,28924,29216,29477,29625,29873,30623,31246,31835,32578,32819,32952,33219,34023,34733,35548,36322,36882,37096,37317,38033,38657,39320,39879,40381,40525,40788,41565,41837,42372,42912,43383,43493,43738,44396,44903,45447,45977,46409,46555,46740,47437,48074,48580,49053,49521,49723,49884,50466,51014,51691,52370,52953,53151,53417,54352,55067,55834,56546,57269,57524,57942,59216,60350,61509,62648,65490,65838,66327,67477,68456,69619,70501,71319,71600,71920,72273,73311,74250
12_0,0,0,0,0,0,0,0,0,0,0,0,0,0,0,0,0,0,0,0,0,0,0,0,0,0,0,0,266,272,280,286,286,291,296,318,323,332,350,371,376,376,422,422,443,443,443,465,465,473,473,485,485,485,493,493,534,534,547,547,547,547,555,592,592,612,612,612,625,625,657,657,667,667,667,676,676,696,696,715,715,715,722,722,747,747,779,779,779,794,794,834,834,842,842,842,859,859,879,879,905,905,905,920,920,948,948,983,983,983,1016,1016,1050,1050,1077,1077,1077,1108,1108,1149,1149,1178,1178,1178,1196,1196,1254,1254,1293,1293,1293,1319,1319,1367,1367,1399,1399,1399,1409,1409,1472,1472,1520,1520,1520,1535,1535,1624,1624,1658,1658,1658,1673,1673,1730,1730,1785,1785,1785,1796,1796,1817,1817,1859,1859,1859,1887,1887,1920,1920,1950,1950,1950,1970,1970,2008,2008,2039,2039,2039,2051,2051,2095,2095,2136,2136,2136,2165,2165,2231,2231
13_0,0,0,0,0,0,0,0,0,464,464,464,607,629,653,862,956,979,1174,1174,1174,1266,1311,1335,1341,1501,1511,1521,1617,1668,1675,1752,1752,1892,1892,2058,2125,2177,2266,2308,2308,2335,2546,2649,2712,2739,2768,2768,2826,2826,2919,3008,3069,3102,3102,3102,3124,3124,3181,3231,3232,3232,3275,3283,3303,3316,3344,3344,3359,3365,3375,3379,3379,3409,3409,3416,3431,3444,3506,3516,3530,3530,3534,3591,3706,3719,3730,3730,3730,3939,3990,4052,4726,4747,4747,4747,4785,4841,4912,4939,5258,5322,5322,5344,5389,5475,5500,6772,6824,6874,6876,6927,7000,7046,7396,7421,7421,7466,7470,7495,7590,7481,8135,8135,8335,8406,8467,8523,8589,8674,8674,8738,8819,8893,8965,9021,9091,9091,9158,9233,9331,9388,9448,9448,9448,9544,9594,9594,9731,10266,10328,10328,10375,10417,10463,10547,10587,10613,10613,10648,10665,10725,10791,10822,10872,10872,10918,10962,11043,11109,11168,11237,11237,11283,11361,11480,11570,11677,11750,11750,11787,11792,11840,11970,12041,12121,12121,12445,12751,12800,13113
14_0,0,0,0,0,0,0,0,0,0,0,0,0,0,0,0,0,0,0,0,0,14927,14927,14927,14927,14927,17303,17303,17303,17303,17303,17303,17303,20316,20316,20316,20316,20316,20316,20316,22608,22608,22608,22608,22608,22608,22608,26249,26249,26249,26249,26249,26249,26249,28700,28700,28700,28700,28700,28700,28700,31728,31728,31728,31728,31728,31728,31728,33904,33904,33904,33904,33904,33904,33904,37017,37017,37017,37017,37017,37017,37017,39792,39792,39792,39792,39792,39792,39792,42225,42225,43026,43026,43026,43026,43026,43026,43026,46334,46334,46334,46334,46334,46334,46334,53288,53288,53288,53288,53288,53288,53288,61456,61456,61456,61456,61456,61456,61456,74246,74246,74246,74246,74246,74246,74246,89083,89083,89083,89083,89083,89083,89083,103512,103512,103512,103512,103512,103512,103512,118120,118120,118120,118120,118120,118120,118120,127918,127918,127918,127918,127918,127918,127918,134432,134432,134432,134432,134432,134432,134432,140440,140440,140440,140440,140440,140440,140440,145570,145570,145570,145570,145570,145570,145570,149640,149640,149640,149640,149640,149640,149640,154163,154163,154163,154163,154163,154163,154163,157873,157873
15_0,94,113,140,156,158,176,187,202,246,256,266,273,292,305,333,352,382,393,414,443,455,485,499,519,532,549,585,615,631,657,689,706,720,741,766,787,836,857,861,872,913,943,958,993,1012,1028,1053,1088,1100,1145,1192,1232,1263,1290,1318,1357,1402,1458,1505,1552,1586,1646,1699,1739,1797,1845,1864,1891,1992,2023,2062,2105,2152,2173,2189,2233,2275,2300,2323,2380,2391,2409,2443,2490,2512,2542,2566,2577,2623,2646,2671,2698,2731,2751,2772,2787,2816,2856,2901,2931,2972,2994,3008,3062,3079,3094,3114,3136,3148,3159,3191,3216,3239,3259,3281,3284,3292,3319,3336,3345,3361,3377,3387,3396,3424,3456,3475,3479,3504,3512,3537,3560,3579,3592,3604,3616,3624,3638,3649,3662,3679,3698,3718,3734,3762,3784,3818,3847,3887,3899,3910,3923,3945,3978,3988,4006,4037,4049,4076,4086,4135,4153,4191,4211,4226,4237,4280,4307,4317,4335,4346,4364,4384,4407,4445,4478,4507,4538,4567,4599,4629,4678,4704,4741,4763,4782,4807,4839,4880,4900
16_0,81,159,159,159,184,288,365,376,397,431,456,603,607,607,736,736,771,914,917,930,981,1040,1108,1165,1177,1263,1295,1361,1432,1517,1590,1666,1695,1810,1903,2029,2041,2159,2293,2298,2394,2456,2569,2685,2806,2816,2817,2868,2993,3099,3243,3283,3319,3329,3334,3401,3468,3571,3649,3764,3782,3855,3970,3985,4159,4175,4240,4240,4279,4310,4365,4474,4536,4541,4567,4579,4596,4640,4685,4745,4773,4776,4797,4810,4874,4903,4935,4976,4979,4982,5001,5013,5023,5025,5029,5029,5036,5085,5132,5157,5190,5230,5230,5238,5238,5286,5286,5344,5344,5344,5380,5434,5434,5434,5434,5434,5434,5592,5592,5592,5689,5713,5713,5740,5740,5749,5790,5838,5899,5910,5910,5935,5956,5962,5986,5995,6004,6008,6008,6030,6040,6047,6047,6047,6047,6056,6061,6080,6124,6124,6124,6124,6976,7026,7039,7072,7099,7103,7112,7142,7157,7166,7186,7221,7225,7229,7254,7286,7311,7351,7374,7377,7378,7394,7396,7416,7431,7458,7463,7476,7509,7536,7568,7606,7652,7653,7657,7661,7665,7676
17_0,0,0,0,0,0,0,0,0,0,0,0,0,0,0,0,0,0,0,0,0,0,0,0,0,0,0,0,0,0,0,0,0,0,0,0,0,0,0,0,0,0,0,0,0,0,0,0,0,0,0,0,0,0,0,0,0,78108,78108,78108,78108,78108,78108,78108,84621,84621,84621,84621,84621,84621,84621,88725,88725,88725,88725,88725,88725,88725,91404,91404,91404,91404,91404,91404,91404,93157,93157,93157,93157,93157,93157,93157,93157,93157,93157,93157,93157,93157,94347,94347,94347,94347,94347,94347,94347,95390,95390,95390,95390,95390,95390,95390,96452,96452,96452,96452,96452,96452,96452,97595,97595,97595,97595,97595,97595,97595,99021,99021,99021,99021,99021,99021,99021,100486,100486,100486,100486,100486,100486,100486,102205,102205,102205,102205,102205,102205,102205,103920,103920,103920,103920,103920,103920,103920,103920,105769,105769,105769,105769,105769,105769,107501,107501,107501,107501,107501,107501,107501,109397,109397,109397,109397,109397,109397,109397,111479,111479,111479,111479,111479,111479,111479,113768,113768,113768,113768,113768,113768,113768,116364,116364
18_0,0,56,56,56,56,56,56,56,56,595,433,447,452,452,617,629,3237,3237,3237,3237,3237,3237,3237,8342,8342,8342,8342,8342,8342,8342,15659,15659,15659,15659,15659,15659,15659,22686,22686,22686,22686,22686,22686,22686,28234,28234,28234,28234,28234,28234,28234,33168,33168,33168,33168,33168,33168,33168,38099,38099,38099,38099,38099,38099,38099,42041,42041,42041,42041,42041,42041,42041,44964,44964,44964,44964,44964,44964,44964,49290,49290,49290,49290,49290,49290,49290,51099,51099,51099,51099,51099,51099,51099,52841,52841,52841,52841,52841,52841,52841,53867,53867,53867,53867,53867,53867,53867,55162,55162,55162,55162,55162,55162,55162,55162,57502,57502,57502,57502,57502,57502,60022,60022,60022,60022,60022,60022,60022,63636,63636,63636,63636,63636,63636,63636,67778,67778,67778,67778,67778,67778,67778,72580,72580,72580,72580,72580,72580,72580,76151,76151,76151,76151,76151,76151,76151,80678,80678,80678,80678,80678,80678,80678,85513,85513,85513,85513,85513,85513,85513,90216,90216,90216,90216,90216,90216,90216,95051,95051,95051,95051,95051,95051,95051,99521,99521,99521,99521,99521,99521
19_0,0,0,416,422,440,515,593,625,675,729,772,772,830,853,926,955,997,1026,1059,1094,1138,1336,1373,1410,1502,1556,1611,1724,1829,1911,2002,2596,3784,4159,4520,4800,5163,5764,6304,6945,7609,8149,8473,8820,9571,10175,10764,11540,12227,12488,12696,13485,14115,14816,15523,16314,16655,16930,17864,18695,19441,20381,21169,21490,21864,22253,22992,23657,24221,24675,24870,25028,25620,26090,26609,27006,27404,27566,27709,28205,28663,29065,29399,29707,29854,30008,30401,30809,31225,31601,31947,32163,32347,32347,33408,33907,34377,34902,35193,35442,36012,36582,37199,37749,38179,38290,38568,39310,40001,40742,41511,42234,42524,42882,43625,44431,45198,45987,46636,46965,47289,48119,48847,49565,50426,51223,51604,51940,52768,53568,54364,55151,55855,56346,56659,57457,58196,58859,59568,60242,60605,60920,61698,62373,63059,63725,64374,64876,65204,66107,66916,67656,68488,69521,70175,70537,71507,72463,73403,74235,75055,75425,75757,76650,77461,78238,78953,79583,79878,80221,80407,81336,82174,82833,83507,83862,84256,85259,86252,87330,88380,89392,89980,90492,91844,93148,94416,95614,96616,97254
20_0,0,0,0,0,0,0,0,0,0,0,0,0,0,0,0,0,0,0,0,0,0,0,0,0,0,0,0,3413,3413,3413,3413,3413,4421,4421,4421,4421,4421,4421,4421,6268,6268,6268,6268,6268,6268,6268,7681,7681,7681,7681,7681,7681,7681,9401,9401,9401,9401,9401,9401,9401,11203,11203,11203,11203,11203,11203,11203,13356,13356,13356,13356,13356,13356,13356,15323,15323,15323,15323,15323,15323,15323,17242,17242,17242,17242,17242,17242,17242,19388,19388,19388,19388,19388,19388,19388,22167,22167,22167,22167,22167,22167,22167,25932,25932,25932,25932,25932,25932,25932,30315,30315,30315,30315,30315,30315,30315,35071,35071,35071,35071,35071,35071,35071,42391,42391,42391,42391,42391,42391,42391,42391,49836,49836,49836,49836,49836,49836,56577,56577,56577,56577,56577,56577,56577,56577,62707,62707,62707,62707,62707,62707,67918,67918,67918,67918,67918,67918,67918,67918,74098,74098,74098,74098,74098,74098,78971,78971,78971,78971,78971,78971,78971,85327,85327,85327,85327,85327,85327,85327,89737,89737,89737,89737,89737,89737,89737,90577,90577,90577,90577
21_0,0,0,0,0,0,0,135,157,165,169,169,171,197,209,218,233,234,243,243,273,296,306,325,339,339,352,356,382,392,397,404,404,404,410,417,417,420,422,422,423,425,430,431,431,431,431,434,437,440,440,441,441,441,441,441,444,445,448,448,456,461,462,464,467,470,472,475,475,485,487,487,489,510,510,510,535,538,545,546,548,548,548,566,571,572,589,604,604,609,642,658,672,678,678,678,678,716,759,796,855,864,865,875,884,915,970,992,1075,1075,1334,1493,1543,1587,1815,1977,2079,2090,2104,2212,2240,2331,2456,2466,2653,2766,2820,2964,3122,3255,3275,3413,3542,3598,3937,4011,4123,4145,4162,4206,4357,4434,4798,4815,4816,4842,4891,4983,5024,5172,5278,5283,5330,5459,5584,5727,5821,6219,6243,6246,6270,6318,6732,6795,6824,6830,6842,7150,7186,7401,7500,7553,7807,7876,7937,8510,8634,8681,8749,8779,8839,9093,9256,9428,9569,9601,9597,9649,10172,10518,10656
22_0,0,0,0,0,0,0,0,0,0,0,0,0,0,0,0,0,0,0,0,0,0,0,0,0,0,0,0,0,0,0,0,0,0,0,0,0,0,0,0,0,0,0,0,0,0,0,0,0,0,0,0,0,0,0,0,0,0,0,0,0,0,0,6743,7005,7598,7957,8255,8455,8637,8820,8946,9229,9610,9879,10121,10351,10529,10761,11066,11312,11565,11776,11980,12099,12099,12314,12698,13053,13322,13547,13737,13807,14022,14200,14340,14641,14759,14927,15031,15206,15499,15724,15860,16025,16205,16324,16501,16665,16801,17112,17237,17389,17499,17745,17999,18097,18097,18520,18702,18802,18997,19172,19325,19575,19677,19764,19885,20176,20333,20746,20896,21113,21312,21463,21463,22004,22251,22483,22647,22798,22941,23292,23608,23878,24155,24326,24524,24689,25009,25282,25727,25969,26177,26363,26466,26766,26973,27473,27710,27921,28051,28175,28513,28816,29167,29405,29597,29799,29966,30254,30509,30509,30509,31047,31212,31383,31774,32238,32584,32824,33087,33198,33362,33820,34090,34395,34613,34830,35052,35295
23_0,0,0,0,0,0,0,0,0,0,0,0,0,0,0,0,0,0,0,0,0,0,0,0,0,0,0,0,100,158,182,182,182,185,200,203,205,205,205,182,183,185,198,244,272,272,272,355,334,336,339,339,359,359,359,374,401,406,428,428,428,459,464,501,512,522,522,522,522,557,557,560,604,627,627,636,640,640,641,652,652,652,653,658,666,682,684,684,684,689,689,714,727,727,727,727,742,743,754,759,764,764,764,789,800,826,834,842,842,842,867,874,917,975,994,994,994,1019,1054,1061,1085,1127,1127,1127,1158,1209,1234,1251,1297,1297,1297,1326,1361,1385,1393,1423,1423,1423,1498,1518,1540,1567,1599,1599,1599,1611,1672,1705,1718,1725,1725,1725,1773,1798,1817,1817,1853,1853,1853,1853,1920,1925,1937,1930,1930,1930,1938,1973,1980,1997,2012,2012,2012,2026,2052,2059,2062,2075,2075,2075,2080,2093,2220,2226,2231,2231,2231,2241,2242,2261,2261
24_0,91,101,144,146,147,151,211,227,234,234,236,239,249,365,365,455,468,513,521,521,546,550,551,578,777,779,798,936,980,980,980,1107,1017,1019,1105,1110,1165,1210,1228,1229,1231,1234,1236,1247,1254,1258,1268,1269,1275,1388,1767,2197,2197,2204,2434,2550,2691,2730,2802,2940,2948,2954,3071,3157,3187,3319,3319,3392,3392,3501,3585,3665,3843,3905,4041,4041,4067,4104,4140,4209,4244,4275,4290,4316,4358,4381,4381,4401,4435,4435,4463,4491,4508,4597,4597,4684,4706,4758,4817,4831,4897,5013,5027,5056,5101,5125,5188,5188,5251,5251,5286,5316,5341,5345,5438,5438,5438,5688,5688,5710,5722,5794,5794,5820,5848,5915,5923,5941,6049,6063,6095,6126,6162,6190,6190,6264,6287,6302,6333,6347,6367,6367,6405,6428,6450,6484,6510,6542,6554,6571,6600,6615,6634,6634,6675,6727,6742,6766,6805,6825,6825,6867,6870,6920,6953,6987,7022,7083,7104,7117,7164,7201,7226,7259,7303,7325,7325,7379,7403,7430,7463,7522,7534,7636,7655,7710,7746,7785,7845,7898
25_0,0,0,0,0,0,0,0,0,682,0,0,0,0,0,0,0,0,0,0,0,0,0,0,0,0,0,15642,15642,15642,15642,15642,15642,15642,15642,15642,15642,15642,15642,15642,15642,15642,15642,15642,15642,22939,23299,23496,23657,23945,24236,24491,24762,25040,25253,25384,25552,25804,26084,26301,26560,26703,26815,27008,27231,27433,27641,27824,27941,28036,28207,28376,28509,28606,28714,28819,28872,28966,29101,29209,29318,29450,29522,29517,29627,29740,29855,29967,30092,30163,30213,30300,30383,30464,30565,30660,30729,30774,30844,30938,31014,31092,31190,31261,31318,31400,31400,31400,31400,31405,31448,31781,31850,31925,32001,32061,32133,32275,32313,32365,32423,32475,32475,32475,32660,32697,32749,32811,32956,32956,32977,33013,33223,33223,33223,33223,33264,33320,33381,33403,33451,33490,33533,33555,33615,33626,33646,33692,33744,33778,33827,33893,33912,33949,33991,34038,34075,34112,34169,34202,34226,34255,34290,34345,34397,34430,34458,34472,34503,34546,34572,34601,34637,34672,34697,34729,34650,34650,34650,34650,34805,34842,34859,34894,34935,34979,35031,35070,35102,35145,35195
26_0,26,26,26,54,130,133,171,201,217,235,235,295,304,340,353,353,382,465,487,501,529,547,573,614,614,650,666,705,734,760,785,812,832,842,964,1073,1125,1189,1268,1285,1300,1434,1515,1576,1671,1739,1755,1796,1882,1985,2041,2149,2357,2464,2522,2564,2638,2684,2728,2835,2853,2888,2960,3013,3115,3206,3286,3307,3380,3699,3806,3983,3983,4072,4114,4160,4217,4351,4439,4512,4684,4684,4742,4874,4984,5047,5149,5251,5264,5296,5393,5514,5627,5802,5845,5860,5902,5986,6051,6118,6181,6271,6322,6363,6429,6496,6578,6654,6736,6764,6814,6870,6974,7056,7156,7268,7349,7459,7657,7817,8015,8139,8286,8343,8463,8685,8828,8950,9166,9262,9319,9428,9612,9744,9980,10182,10391,10481,10602,10802,10976,11145,11312,11458,11539,11668,11909,12193,12446,12679,12820,12913,12960,13073,13180,13283,13412,13460,13530,13604,13701,13928,14120,14276,14396,14407,14470,14634,14842,15106,15256,15342,15412,15518,15586,15669,15825,16020,16211,16301,16422,16565,16671,16926,17055,17210,17270,17330,17489,17766
27_0,7434,8886,10478,12187,13366,14590,16353,18297,20249,22025,23887,23887,25589,28004,30800,33392,35458,37596,39085,40482,42308,44244,46156,47935,49687,50751,51673,53238,54771,56187,57540,58950,58950,58950,54597,55547,56378,57180,58006,58363,58679,59193,59758,60302,60796,61381,61681,61886,61886,62826,63292,63292,64080,64280,64443,64632,64954,65289,65609,65934,66110,66262,66502,66756,66992,67261,67544,67687,67808,68019,68211,68399,68584,68761,68851,68938,69085,69243,69377,69506,69506,69710,69710,69710,70010,70010,70010,70010,70435,70487,70590,70698,70794,70877,70968,71040,71091,71185,71279,71371,71477,71565,71643,71692,71782,71867,71970,72064,72161,72229,72302,72386,72466,72552,72632,72716,72766,72813,72900,72973,73055,73134,73222,73279,73326,73410,73472,73530,73609,73689,73736,73779,73842,73907,73997,74081,74154,74207,74258,74328,74406,74485,74553,74640,74684,74731,74791,74850,74923,74990,75062,75100,75142,75203,75255,75307,75366,75425,75471,75503,75539,75584,75649,75707,75767,75814,75847,75903,75962,76036,76101,76179,76218,76246,76306,76382,76456,76528,76595,76649,76649,76754,76834,76834,77004,77090,77141,77192,77267,77351
28_0,0,0,0,0,0,0,0,0,0,0,0,0,0,0,0,0,0,0,0,0,0,0,0,0,0,0,0,0,0,0,0,0,0,0,0,0,0,0,0,9115,9115,9115,9115,9115,9115,9115,11637,11637,11637,11637,11637,11637,11637,14954,14954,14954,14954,14954,14954,14954,18860,18860,18860,18860,18860,18860,18860,23653,23653,23653,23653,23653,23653,23653,29219,29219,29219,29219,29219,29219,29219,36921,36921,36921,36921,36921,36921,36921,45538,45538,45538,45538,45538,45538,45538,55318,55318,55318,55318,55318,55318,55318,67124,67124,67124,67124,67124,67124,67124,78707,78707,78707,78707,78707,78707,78707,92302,92302,92302,92302,92302,92302,92302,105093,105093,105093,105093,105093,105093,105093,105093,116969,116969,116969,116969,116969,116969,127749,127749,127749,127749,127749,127749,127749,136630,136630,136630,136630,136630,136630,136630,145884,145884,145884,145884,145884,145884,145884,156652,156652,156652,156652,156652,156652,156652,167257,167257,167257,167257,167257,167257,167257,176422,176422,176422,176422,176422,176422,176422,184422,184422,184422,184422,184422,184422,184422,192644,192644,192644,192644
29_0,43,55,63,63,74,82,98,101,105,119,121,127,138,142,163,172,183,189,189,214,229,269,285,310,326,350,409,437,458,482,510,517,540,559,582,601,714,762,792,846,877,969,1007,1071,1111,1178,1219,1269,1302,1340,1405,1451,1496,1551,1701,1762,1793,1882,1943,1959,2078,2127,2169,2209,2242,2268,2307,2336,2450,2482,2515,2573,2630,2658,2683,2720,2756,2809,2840,2882,2910,2952,3008,3044,3064,3090,3119,3139,3163,3195,3210,3235,3266,3288,3324,3350,3413,3447,3464,3496,3533,3570,3653,3685,3760,3796,3903,4029,4131,4219,4319,4407,4475,4545,4671,4752,4829,4957,5087,5181,5289,5396,5396,5590,5715,5837,5949,6164,6268,6355,6434,6668,6815,6953,7066,7161,7249,7343,7485,7629,7718,7841,7968,8064,8206,8410,8545,8666,8808,9018,9079,9295,9610,9834,10051,10310,10640,10821,11080,11452,11733,11930,12177,12450,12655,12903,13328,13628,13828,14060,14319,14558,14841,15220,15476,15757,16104,16481,16727,17080,17511,17938,18272,18691,19079,19497,19892,20392,20847,21242
30_0,0,0,0,0,0,0,0,0,0,0,0,0,0,0,0,0,0,0,0,0,0,0,0,0,0,0,0,0,0,0,0,0,0,0,0,0,0,0,0,0,0,0,0,0,0,0,0,0,0,0,0,0,0,0,0,0,0,0,0,0,0,0,0,0,0,0,0,0,0,0,0,0,0,0,0,0,0,0,0,0,0,0,0,0,0,0,0,0,0,0,0,38987,39423,39903,40460,40813,41438,42111,42111,43435,44101,44663,45194,46282,47303,48330,49302,50280,51086,51860,53077,54426,55702,56823,57731,58465,59413,61056,62695,64311,65788,67319,68394,69501,71338,72950,74612,75975,77429,78435,79321,80885,82310,83642,84904,86018,86926,87764,89068,90436,91656,92736,93914,94825,95554,96728,97823,99035,100127,101185,101944,102631,104024,105065,106095,107083,107972,108578,108578,110279,111201,112140,113053,114066,114906,115708,117130,118443,119690,120858,121911,122671,123423,124774,126023,127239,128369,129498,130193,130859,131708,132980,134216,135301,136330,137038,137633,138807,139831,140808
31_0,0,383,0,0,522,612,686,686,790,865,865,865,1060,1115,1240,1331,1515,1575,1614,1702,1772,1884,1961,2080,2139,2167,2260,2319,2401,2467,2554,2635,2682,2830,2909,2985,3064,3154,3204,3241,3423,3559,3660,3801,3945,3983,4008,4135,4266,4361,4533,4645,4688,4714,4823,5135,5236,5340,5435,5492,5511,5599,5711,5781,5781,5867,5981,6014,6073,6166,6263,6391,6495,6578,6628,6765,6898,7071,7212,7414,7531,7648,7888,8144,8507,8817,9155,9397,9587,10085,10605,11048,11519,11965,12246,12432,13005,13538,14100,14648,15136,15485,15815,16635,17366,18095,18766,19186,19466,19750,20663,21596,22441,23277,24053,24698,25252,26363,27386,28411,29187,30282,30820,31165,32319,33383,34320,35001,35745,36052,36378,37193,37988,38655,39282,39907,40224,40531,41370,42047,42695,43417,44035,44409,44660,45516,46414,47186,47762,48607,48933,49184,49989,50646,51447,52123,52740,53059,53414,54269,55405,56531,57383,58125,58560,59007,59993,61026,62144,63135,63960,64467,64941,65482,66779,67807,68911,69754,69754,70808,71957,73100,74483,75753,77004,77606,78155,79219,80211,81289
32_0,0,0,0,0,0,0,0,0,0,0,0,0,0,0,0,0,0,0,0,0,0,0,0,0,0,0,0,0,0,0,0,860,860,860,1125,1125,1125,1125,1125,1125,1125,1406,1406,1406,1406,1406,1406,1406,1406,1406,1376,1376,1376,1376,1795,1795,1981,1981,2137,2152,2164,2164,2199,2199,2214,2237,2237,2237,2313,2332,2350,2370,2396,2396,2396,2431,2457,2502,2533,2533,2533,2588,2604,2604,2649,2649,2649,2649,2700,2722,2722,2759,2759,2759,2759,2846,2877,2877,2977,3009,3009,3009,3094,3129,3129,3199,3199,3225,3225,3338,3381,3381,3509,3541,3541,3541,3684,3736,3736,3835,3872,3872,3872,3960,3960,4037,4065,4111,4111,4111,4226,4226,4282,4282,4355,4355,4355,4419,4468,4468,4566,4566,4589,4589,4634,4747,4747,4789,4859,4884,4884,4884,4938,5144,5144,5198,5198,5198,5198,5252,5277,5291,5310,5310,5310,5310,5353,5365,5376,5376,5391,5391,5431,5431,5475,5484,5490,5490,5490,5490,5538,5720,5738,5738,5752,5752,5826,5870,5870,5870
33_0,0,0,0,0,0,0,0,0,0,0,0,0,0,0,0,0,0,0,0,0,0,0,0,0,0,0,0,0,0,0,0,0,0,0,0,0,0,0,0,0,0,0,0,0,0,0,0,0,0,0,37767,39519,40627,40911,41868,43038,44826,46370,47133,48190,48428,48838,49915,51019,52069,52560,53670,53670,53670,54560,55665,56939,58061,58310,58549,59612,59863,60979,62186,62574,62932,64105,64502,64502,65340,65808,65808,66686,67070,67552,68048,68697,69217,69712,70086,70437,70437,70953,71507,72284,72910,73354,73721,74436,74436,74818,75603,76183,76780,76780,77073,77547,78268,79178,79968,80568,81198,82038,82663,83308,84036,85831,86328,86757,86256,87942,88555,90304,90930,90930,91978,92616,94481,95254,95901,96564,98323,98626,99207,99657,101552,102106,102743,103238,104873,105328,105734,106236,106912,108923,109473,109900,109183,111201,110784,112882,112286,114239,114687,113690,115857,116339,117165,117920,117920,118951,119895,120531,121296,121920,122872,122872,123665,122833,123560,125785,126446,127290,127290,128597,127829,130352,131300,132252,132252,134098,134649,135499,134907,136021
34_0,35,35,35,35,35,35,35,35,35,35,35,135,135,168,182,196,217,244,267,315,315,342,377,410,433,452,466,391,461,485,531,565,601,639,665,696,730,772,809,841,863,886,903,919,947,972,1012,1023,1030,1047,1084,1106,1119,1119,1158,1175,1186,1206,1225,1252,1281,1302,1311,1326,1336,1336,1336,1390,1398,1406,1419,1435,1435,1435,1474,1479,1489,1502,1515,1515,1515,1554,1562,1573,1588,1600,1600,1600,1627,1631,1638,1644,1657,1657,1657,1657,1677,1683,1684,1685,1685,1685,1691,1692,1707,1711,1717,1717,1717,1738,1741,1749,1759,1769,1769,1769,1792,1803,1810,1813,1823,1823,1823,1838,1848,1855,1866,1876,1895,1900,1900,1911,1929,1943,1953,1972,1982,1982,2004,2013,2021,2031,2040,2052,2052,2059,2069,2073,2084,2101,2108,2108,2113,2130,2137,2147,2163,2172,2179,2179,2185,2197,2201,2220,2223,2223,2228,2235,2236,2244,2265,2268,2268,2272,2275,2278,2278,2278,2278,2278,2316,2322,2342,2346,2374,2381,2381,2393,2402,2408
35_0,0,0,0,0,0,0,0,0,0,0,0,0,0,0,0,0,2633,2633,2063,2063,3317,3317,3317,3701,3701,3701,2830,3252,3252,3622,3622,3622,3622,3622,3816,3816,3816,4120,4120,4120,6817,6817,4914,5076,5076,5076,5076,5451,5451,5451,5743,5743,5743,6063,6102,6102,6102,6459,6459,6459,6459,6976,6976,6976,7347,7347,7347,7347,7928,7928,7928,8682,8682,8682,8682,9734,9734,9734,10790,10790,10790,10790,12317,12317,12317,13456,13456,13456,13456,15471,15471,15471,16994,16994,16994,16994,19181,19181,19181,20956,20956,20957,20957,23849,23849,23849,23849,23849,22553,22553,27062,27062,27062,29378,29378,29378,29378,32859,32859,32859,32859,32859,32859,32859,32859,32859,32859,37798,37798,37798,37798,40837,40837,40837,42730,42730,42730,42730,45205,45205,45205,46118,46118,46118,46118,51431,51431,51431,51431,51431,51431,51431,51431,51431,51431,51431,51431,51431,51431,51431,51431,51431,51431,51431,51431,51431,51431,51431,51431,51431,51431,51431,51431,68748,67491,68079,68854,69629,70028,70430,73136,71691,74499,72951,72951,73973,74272,74949,75768,76477
36_0,57,69,76,84,91,98,146,161,177,189,197,207,261,329,373,457,552,646,709,824,937,1064,1190,1223,1257,1316,1392,1492,1573,1686,1759,1799,1830,1895,1977,2028,2069,2125,2147,2187,2309,2367,2437,2574,2673,2724,2784,2914,3023,3145,3267,3336,3371,3415,3528,3619,3698,3744,3805,3837,3903,3990,4084,4163,4179,4273,4335,4403,4483,4573,4664,4755,4828,4899,4961,5069,5143,5221,5276,5335,5389,5437,5497,5554,5592,5652,5717,5752,5818,5872,5933,5982,6049,6062,6063,6063,6190,6280,6331,6408,6470,6522,6543,6599,6663,6737,6808,6891,6952,6996,7081,7159,7214,7261,7307,7364,7404,7474,7609,7690,7761,7820,7909,7939,8008,8080,8145,8244,8307,8334,8371,8507,8606,8691,8773,8884,8939,9013,9126,9189,9265,9349,9435,9564,9694,9814,9896,10032,10170,10347,10511,10612,10832,10959,11155,11394,11659,11918,12235,12551,12964,13201,13425,13739,13993,14118,14424,14657,14878,15068,15298,15651,15777,16170,16324,16596,16831,17173,17533,17692,18090,18508,19068,19298,19626,19902,20076,20449,21137,21496
37_0,220,248,416,295,356,466,592,921,1145,1386,1504,1671,1969,2196,2786,3017,3234,3344,3575,3828,4012,4193,4370,4467,4527,4720,4921,5140,5338,5546,5718,5814,6081,6356,6564,6783,7011,7369,7528,8038,8336,8624,8881,9280,9529,9652,9886,10969,11783,12191,12566,12745,12837,13073,13344,13916,14632,14965,15193,15300,15564,15916,16319,16643,16925,17124,17222,17563,18013,18516,18992,19425,19731,19896,20062,20710,21282,21949,22531,22838,23067,23567,24068,24693,25280,25753,26159,26159,26962,27599,28283,28938,29591,30043,30254,31020,31827,32736,33609,34740,35435,35855,36996,38272,39857,41250,42734,43706,44319,45974,47852,49748,51661,52983,53808,54730,57239,57239,62129,64234,66357,67651,68471,70878,73259,75550,77558,79357,80340,80997,83170,85313,87290,89151,91323,92100,92655,94812,96896,99085,100967,102686,103426,104054,106041,108035,109765,111416,113313,114099,114769,116864,118885,120675,141568,143156,144383,145359,146213,148165,149698,151202,152674,154947,155865,156808,158660,160202,161707,163181,164982,165844,166674,167778,169649,171153,172618,174044,175143,176030,177945,179322,180781,182116,183533,184404,185221,187026,188576,189990
38_0,38,38,38,38,38,38,38,1101,1366,1617,2014,2269,2580,3150,3677,4190,4806,5334,5706,6486,7341,8025,9156,9986,10763,11170,11786,12507,13353,14122,14891,15544,16090,16791,17622,18440,19197,20141,21022,21713,22674,23519,24487,25454,26601,27570,28371,29359,30341,30341,31223,32277,33385,35292,36375,37626,38905,40068,40068,42423,43338,44517,45858,46799,47865,48895,49758,49758,51140,52449,54096,55258,56535,58341,59089,60681,62368,63812,65329,67096,68499,69190,70714,72898,74496,76282,78248,79974,81335,84818,87556,90720,93572,97430,100843,103782,108485,113284,118326,122996,127880,132638,136419,142398,149276,155937,162191,169581,172936,177871,186529,195315,203826,212216,221510,229107,229107,244449,251346,260542,273191,282604,282604,297422,306262,315652,323804,331668,338343,344845,349833,358312,367354,375760,383717,393266,399572,405817,415903,424685,431960,438825,446030,451776,457182,466550,472421,478752,484880,492921,499518,507499,514861,522087,527359,532223,538282,543412,543412,553409,558894,564114,568067,573670,577832,581204,585912,590837,594817,600662,605522,609210,611856,613896,618054,642169,646143,649580,652376,657407,661038,664883,668515,672144,677244,680083,683700,687277,692123,695194
39_0,0,0,0,0,0,0,0,0,0,0,0,218,218,218,357,443,565,679,776,888,970,1050,1252,1399,1568,1641,1704,1790,1939,2062,2185,2238,2342,2387,2509,2640,2769,2901,3033,3181,3267,3406,3566,3719,3896,4075,4183,4275,4423,4596,4748,4898,5081,5218,5346,5499,5623,5813,5995,6137,6251,6319,6501,6628,6788,6939,7108,7255,7391,7587,7745,7935,8114,8252,8380,8470,8552,8786,9113,9390,9659,9863,10057,10334,10642,11097,11658,11931,12205,12398,12707,13076,13408,13807,14147,14448,14764,15178,15661,16261,16897,17303,17728,18111,18593,19214,19862,20421,20915,21504,22032,22532,23093,23715,24390,24798,25321,25905,26643,27261,28130,28747,29389,29967,30449,30911,31619,32371,33115,33914,34319,34764,35311,35817,36679,37346,37701,38132,38555,38883,39364,39867,40352,40831,41164,41529,41937,42512,42959,43342,43724,43990,44338,44658,44995,45547,45896,46233,46468,46722,47084,47545,48021,48396,48690,48934,49327,49728,50108,50492,50957,51410,51660,51945,52357,52860,53360,53806,54201,54530,54844,55141,55510,56167,56751,57392,57965,58534,59289,60220
40_0,15,15,15,15,15,15,15,15,15,15,15,15,15,15,15,15,15,15,15,0,0,0,0,0,0,0,0,0,0,0,0,0,0,0,706,718,737,744,777,785,787,789,792,796,804,810,815,820,824,827,834,837,839,843,848,849,855,859,865,873,880,879,879,881,882,888,890,895,901,903,905,907,908,909,912,914,915,917,918,920,922,926,927,930,938,941,946,946,949,953,961,960,967,999,1007,1022,1039,1049,1054,1066,1066,1089,1096,1099,1104,1111,1121,1125,1137,1139,1148,1152,1156,1177,1182,1186,1190,1194,1199,1207,1211,1231,1238,1240,1249,1254,1258,1260,1272,1279,1282,1295,1302,1310,1321,1332,1337,1343,1347,1354,1356,1358,1366,1371,1380,1386,1388,1396,1400,1413,1421,1425,1432,1433,1436,1441,1451,1456,1465,1465,1468,1480,1493,1496,1505,1509,1524,1530,1533,1536,1541,1548,1557,1557,1565,1566,1576,1580,1584,1590,1601,1606,1609,1611,1616,1622,1625,1632,1635,1638
41_0,0,0,0,0,0,0,0,0,0,0,0,0,721,752,951,1110,1228,1267,1324,1418,1497,1567,1672,1717,1815,1843,1914,2042,2104,2196,2312,2497,2547,2617,2617,2825,2997,3124,3201,3273,3400,3554,3678,3805,3909,3993,4107,4271,4523,4778,4963,5047,5102,5145,5227,5367,5472,5648,5745,5868,5899,6011,6165,6284,6392,6382,6538,6557,6677,6826,6895,7002,7131,7178,7230,7341,7429,7493,7563,7607,7646,7663,7725,7765,7818,7868,7968,8005,8023,8080,8131,8496,8711,8741,8784,8809,8913,9011,9065,9189,9271,9310,9330,9423,9527,9644,9883,9976,10017,10107,10235,10331,10479,10576,10800,10882,10940,11550,11650,11728,11937,12007,12108,12255,12385,12522,12635,12725,12843,12923,12961,13152,13247,13389,13477,13694,13783,13827,13910,13989,14091,14249,14353,14443,14482,14581,14682,14764,14866,14957,14999,15085,15199,15319,15395,15492,15636,15683,15742,15770,15967,16061,16143,16276,16310,16361,16449,16536,16671,16762,16848,16880,16903,16979,17038,17099,17185,17255,17443,17483,17576,17633,17713,17752,17810,17848,17893,18112,18189,18278
42_0,0,0,0,0,0,0,0,0,63,63,83,85,147,211,223,223,255,265,290,330,330,380,439,439,455,455,481,504,545,555,572,611,611,630,716,716,761,761,775,775,803,813,870,870,889,919,919,922,950,983,983,1110,1121,1135,1180,1191,1211,1241,1290,1303,1313,1341,1381,1399,1445,1446,1451,1468,1477,1485,1516,1553,1568,1571,1585,1636,1654,1665,1665,1669,1676,1681,1790,1855,1858,1907,2042,2062,2196,2272,2284,2380,2396,2402,2421,2518,2535,2648,2718,2756,2763,2806,2825,2982,2999,3128,3267,3295,3373,3466,3546,3625,3913,4013,4115,4168,4332,4481,4589,4703,4815,4858,4897,4918,5063,5218,5330,5510,5609,5678,5699,5863,5960,6045,6144,6298,6429,6531,6737,6909,7010,7140,7307,7358,7385,7486,7601,7773,7859,7935,7983,8017,8163,8266,8342,8450,8516,8556,8581,8626,8748,8904,9062,9225,9290,9361,9536,9670,9804,10011,10155,10227,10317,10524,10721,10831,10968,11121,11160,11188,11333,11507,11602,11799,11938,11982,12051,12242,12443,12699
43_0,0,0,0,0,0,0,0,0,0,0,0,0,0,0,0,0,0,0,0,0,0,0,0,0,0,0,0,0,3352,3352,3698,3723,3973,4131,4348,4520,4694,4875,5014,5176,5371,5673,5994,6250,6542,6542,6786,7371,7728,8012,8362,8688,8999,9207,9405,9846,10384,10880,11338,11646,11838,12172,12172,12980,13337,13770,14047,14242,14583,14999,15348,15783,16231,16558,16837,17122,17613,18055,18055,18951,19310,19543,19852,20121,20557,21174,21606,21953,22217,22587,23089,23527,24043,24491,24899,25242,25758,26305,26792,27329,27909,28318,28670,29275,29923,30555,31258,32004,32628,33130,33902,34682,35502,36333,37287,37971,38633,39513,40416,41319,42317,43284,43964,44495,45368,46323,47221,48244,49283,50028,50662,51456,52350,53239,54181,55172,55982,56602,57382,58244,59076,60055,60933,61720,62310,62995,63730,64480,65265,66075,66699,67234,67902,68641,69299,70229,71153,71906,72478,73122,73964,74834,75878,76909,77750,78527,79557,80627,81902,83184,84632,85824,86822,88131,89393,90726,92366,94094,95513,96727,98385,99925,101669,103530,105373,107004,108371,110110,111765,113596
44_0,31,37,49,50,52,62,62,94,105,129,137,138,140,129,148,148,206,227,233,237,254,275,321,321,334,342,343,362,371,373,387,391,391,405,409,416,428,438,443,443,477,477,480,487,496,498,498,504,528,534,551,551,556,575,607,607,624,634,658,658,667,667,714,714,755,757,757,773,789,804,814,814,833,834,834,852,862,870,889,896,909,931,953,966,996,1033,1054,1057,1070,1097,1119,1139,1154,1169,1172,1172,1274,1291,1313,1327,1361,1372,1372,1462,1506,1540,1590,1611,1615,1652,1694,1745,1794,1857,1866,1883,1915,1970,2022,2065,2123,2153,2173,2214,2284,2323,2366,2420,2462,2465,2483,2541,2577,2601,2641,2659,2668,2699,2759,2786,2832,2864,2879,2896,2927,2965,3028,3060,3086,3116,3136,3181,3206,3249,3290,3393,3404,3416,3416,3451,3484,3553,3724,3740,3768,3884,3925,3971,4000,4044,4092,4111,4172,4230,4277,4364,4450,4479,4519,4613,4702,4791,4853,4989,5083,5160,5272,5418,5504,5603
0_1,32,35,43,45,50,56,66,74,80,91,93,99,110,121,133,144,146,154,167,177,194,197,197,212,216,222,242,245,269,279,288,290,296,313,340,349,375,388,393,401,429,449,467,476,485,488,489,504,517,529,537,546,551,562,575,581,590,605,618,631,646,651,653,653,676,689,692,718,729,744,755,769,773,773,774,785,790,810,822,838,839,841,864,891,896,907,919,919,929,950,972,985,1006,1007,1007,1007,1033,1058,1068,1104,1114,1121,1124,1164,1211,1230,1265,1286,1287,1291,1303,1364,1397,1438,1456,1473,1491,1491,1538,1565,1580,1603,1627,1633,1666,1695,1714,1735,1735,1768,1797,1847,1882,1890,1893,1896,1898,1925,1936,1944,1974,1990,2011,2013,2024,2037,2045,2076,2107,2152,2162,2182,2200,2217,2233,2266,2275,2276,2276,2277,2285,2301,2333,2350,2351,2355,2387,2392,2401,2428,2437,2437,2439,2457,2488,2506,2491,2501,2501,2501,2517,2540,2548,2550,2558,2558,2559,2580,2601,2637
1_1,3,3,5,6,6,6,7,7,7,8,8,8,9,9,9,9,9,9,9,9,9,9,9,9,9,9,9,9,9,9,9,9,9,9,10,10,10,10,10,10,10,10,10,10,10,10,10,10,10,10,10,10,10,10,10,10,10,10,10,10,10,10,10,10,10,10,10,10,11,11,11,12,12,12,12,12,12,12,12,12,12,12,12,12,12,14,14,14,14,14,14,14,15,16,16,16,17,17,17,17,17,17,17,17,17,17,17,18,18,18,18,19,19,19,20,20,21,22,22,23,23,24,24,25,25,25,25,25,26,26,26,26,27,27,27,28,28,28,29,29,29,30,31,32,32,36,37,37,37,37,37,37,39,39,40,40,42,42,42,42,42,42,43,44,44,44,44,44,44,45,45,45,45,45,45,45,51,52,56,56,56,56,57,57,58,58,58,58,59,60
2_1,32,41,52,64,65,73,80,89,97,108,115,122,131,142,150,169,177,184,187,208,229,249,266,266,275,275,293,304,320,330,348,362,362,395,426,450,517,532,536,542,562,594,624,651,679,680,686,704,747,763,775,799,800,806,807,831,857,885,903,906,917,941,981,996,1012,1042,1044,1047,1070,1095,1127,1144,1183,1186,1194,1219,1239,1271,1312,1338,1339,1342,1384,1463,1490,1535,1579,1588,1588,1632,1720,1757,1788,1805,1809,1810,1927,1963,2038,2082,2151,2237,2245,2337,2434,2492,2583,2730,2761,2784,2918,2974,3063,3142,3286,3305,3304,3408,3454,3626,3694,3747,3765,3779,3845,3932,4002,4081,4137,4150,4154,4199,4347,4383,4423,4492,4506,4506,4529,4634,4684,4688,4756,4771,4771,4792,4896,4929,4978,5007,5030,5029,5044,5065,5130,5171,5207,5221,5219,5221,5251,5273,5288,5315,5322,5322,5344,5371,5409,5451,5467,5476,5478,5498,5525,5559,5587,5622,5623,5623,5632,5650,5674,5693,5705,5706,5707,5713,5733,5743
3_1,12,12,14,16,16,16,18,21,23,24,27,30,30,33,37,37,38,40,42,43,42,45,45,47,49,50,52,59,61,64,73,76,81,83,85,87,88,88,88,94,95,95,97,98,98,98,100,102,107,110,113,113,116,117,119,120,120,125,133,133,133,133,142,142,152,154,154,155,161,165,171,176,176,179,182,182,197,208,214,224,224,227,237,240,240,240,249,259,265,270,277,279,281,286,286,292,292,301,309,313,313,321,323,331,335,341,353,353,357,357,374,380,386,394,394,401,408,428,434,442,453,460,458,475,490,508,515,521,521,544,555,566,566,582,587,600,599,603,619,631,641,663,674,687,696,711,732,739,756,772,784,797,814,841,861,873,882,894,908,917,928,940,953,969,981,992,1010,1157,1166,1173,1173,1181,1197,1209,1229,1246,1266,1285,1308,1329,1350,1369,1384,1391,1407,1425,1447,1447,1482,1503
4_1,80,97,111,126,140,150,179,193,250,250,274,304,308,329,357,374,391,411,422,449,486,508,552,674,672,680,706,760,766,777,820,832,842,851,903,921,961,960,967,981,987,1009,1062,1091,878,878,878,921,968,1001,1062,1088,1088,1088,1088,1114,1135,1168,1181,1181,1181,1185,1228,1254,1255,1274,1274,1274,1292,1312,1328,1339,1348,1348,1348,1373,1373,1402,1417,1429,1429,1429,1438,1455,1457,1475,1482,1482,1482,1508,1520,1520,1521,1521,1521,1521,1542,1542,1544,1581,1586,1586,1586,1589,1594,1601,1615,1615,1615,1615,1615,1643,1643,1645,1661,1661,1661,1668,1679,1688,1691,1691,1691,1691,1710,1710,1717,1729,1736,1736,1736,1746,1751,1756,1763,1768,1768,1768,1778,1788,1800,1815,1815,1815,1815,1824,1826,1835,1835,1843,1843,1843,1849,1853,1853,1861,1866,1866,1866,1866,1868,1882,1889,1889,1889,1889,1894,1905,1905,1911,1913,1913,1913,1914,1926,1926,1935,1940,1940,1940,1945,1952,1960,1962,1968,1968,1968,1968,1983,1990
5_1,112,131,165,189,206,277,277,380,448,494,554,602,671,868,971,1036,1036,1086,1331,1423,1544,1639,1764,1862,1924,1998,2089,2168,2257,2339,2339,2436,2495,2633,2718,2797,2874,2932,2967,3008,3041,3125,3219,3285,3339,3408,3449,3472,3529,3582,3637,3675,3693,3742,3769,3803,3826,3868,3912,3944,3964,3972,3989,4007,4038,4055,4071,4084,4097,4120,4146,4159,4186,4201,4204,4210,4219,4226,4238,4251,4260,4263,4277,4287,4298,4307,4311,4316,4320,4322,4324,4326,4335,4335,4335,4338,4338,4343,4348,4348,4348,4348,4371,4372,4380,4389,4396,4396,4396,4406,4406,4406,4410,4413,4413,4413,4418,4423,4425,4431,4432,4432,4432,4437,4437,4437,4437,4441,4441,4441,4444,4444,4450,4450,4453,4453,4453,4456,4456,4457,4458,4460,4460,4460,4460,4463,4463,4465,4465,4465,4465,4465,4466,4467,4468,4468,4468,4468,4468,4474,4474,4478,4480,4480,4480,4485,4485,4487,4488,4492,4492,4492,4495,4496,4497,4499,4501,4501,4501,4503,4505,4508,4511,4513,4513,4513,4517,4521,4522,4527
6_1,16,17,17,19,24,28,32,34,36,43,48,53,60,67,70,76,86,90,99,104,117,131,147,155,168,181,192,204,210,222,235,246,255,266,269,285,297,301,312,324,334,351,362,373,383,392,399,408,414,417,420,425,431,436,444,453,459,463,466,468,471,471,475,483,485,485,488,490,492,493,494,494,495,496,498,499,502,502,504,504,504,504,504,505,507,507,507,507,507,509,509,510,512,512,512,512,514,515,517,517,517,517,517,518,521,521,521,523,523,523,525,527,529,578,579,579,579,580,581,581,585,585,585,585,587,587,587,588,590,591,591,591,591,593,593,593,593,593,593,595,595,600,600,600,604,603,604,604,604,604,604,605,605,606,606,606,608,609,609,609,609,613,613,613,615,617,618,619,619,620,621,621,627,628,629,630,631,633,633,634,635,636,636,642,645,645,645,646,649,651
7_1,12,15,21,22,24,22,27,32,38,47,50,53,67,72,81,86,91,96,105,112,127,139,153,165,178,185,190,205,224,231,240,251,258,264,277,285,304,311,323,328,336,350,358,368,375,383,392,400,407,412,418,427,427,440,440,445,453,460,462,466,468,470,473,475,475,483,489,491,495,499,502,506,511,515,515,520,523,527,530,531,533,535,537,541,543,546,548,550,551,551,553,554,555,557,559,561,561,564,568,568,568,568,568,568,571,574,577,578,578,579,580,580,581,581,581,581,582,583,584,584,585,585,586,586,587,587,587,589,590,591,591,593,593,594,594,597,597,597,599,600,601,602,604,604,604,604,605,605,605,605,606,607,607,608,609,611,611,611,611,611,615,616,616,616,616,616,616,617,619,619,619,620,621,621,621,621,623,624,624,624,626,627,628,629,629,631,631,631,632,634
8_1,1,2,3,4,4,5,5,5,6,8,8,9,9,9,9,9,9,9,10,10,12,12,12,13,14,14,16,16,16,16,16,16,17,17,17,17,17,17,17,17,17,17,17,17,17,17,17,17,17,17,17,17,17,17,17,17,17,17,17,17,17,17,17,17,17,17,17,17,17,17,17,17,17,17,17,17,17,17,17,17,17,17,17,17,17,17,17,18,18,18,18,18,18,19,19,19,19,19,19,19,19,19,19,22,22,22,22,23,24,24,24,24,25,26,26,26,26,26,26,26,26,26,26,26,26,27,27,29,31,31,31,34,38,40,40,40,40,40,40,42,45,45,46,47,47,49,49,51,55,59,62,63,70,74,75,79,81,84,85,86,88,91,94,96,97,99,99,100,103,107,120,120,120,120,120,122,124,127,131,132,132,132,136,139,142,153,156,157,160,163
9_1,9,9,10,10,10,13,15,18,24,25,27,27,33,39,41,41,43,44,45,48,51,54,54,54,56,56,58,60,60,63,63,63,64,64,65,66,67,67,67,67,70,69,69,72,73,73,73,74,77,77,77,79,79,79,79,81,82,82,82,82,82,83,83,83,83,83,83,83,83,85,85,86,87,87,87,88,88,88,89,89,89,89,89,89,90,90,90,91,91,91,92,92,92,93,93,93,94,94,98,100,101,102,102,102,103,110,114,118,119,119,122,126,135,138,144,146,146,152,160,173,177,189,197,197,200,210,217,223,229,235,237,239,246,246,251,265,269,269,273,282,291,298,304,306,307,314,326,337,343,353,358,359,361,368,372,372,382,384,385,385,389,406,407,412,415,415,419,423,429,434,438,441,443,447,451,454,457,458,460,460,460,464,469,472,474,480,482,487,492,500
10_1,78,102,116,127,139,173,203,245,300,330,343,350,388,436,477,519,545,562,569,630,661,706,741,785,813,844,901,1065,1114,1175,1229,1246,1264,1326,1377,1414,1447,1490,1508,1540,1578,1619,1646,1691,1741,1751,1765,1824,1864,1913,1941,1943,1976,1976,2004,2030,2068,2110,2125,2134,2142,2197,2207,2231,2258,2292,2303,2316,2339,2355,2380,2396,2413,2422,2433,2447,2475,2491,2516,2536,2540,2553,2569,2578,2586,2595,2616,2619,2624,2640,2650,2662,2681,2687,2693,2698,2717,2732,2739,2748,2756,2760,2762,2775,2785,2795,2803,2820,2822,2825,2846,2863,2880,2884,2895,2903,2906,2924,2932,2946,2965,2971,2975,2980,2996,3007,3013,3023,3036,3041,3044,3069,3086,3105,3113,3128,3133,3135,3165,3180,3191,3208,3218,3220,3225,3241,3259,3266,3277,3285,3291,3296,3312,3325,3332,3350,3362,3364,3368,3380,3397,3410,3420,3437,3438,3439,3460,3472,3478,3495,3503,3506,3512,3520,3530,3548,3566,3577,3580,3591,3612,3632,3645,3656,3669,3674,3681,3711,3727,3742
11_1,11,11,14,22,25,26,27,29,31,34,41,43,49,53,60,64,74,75,79,83,90,96,107,112,118,127,136,148,162,170,175,184,188,207,219,231,243,252,265,271,289,306,318,336,346,351,355,372,388,406,425,444,454,459,478,491,504,522,531,534,551,561,574,580,592,598,604,612,624,630,639,643,650,652,655,669,673,679,681,681,685,686,688,692,695,704,704,705,708,715,717,718,720,721,721,723,725,735,739,743,748,750,754,757,762,778,784,787,794,797,802,808,818,823,826,827,833,839,846,857,867,872,876,882,888,899,908,913,925,930,933,940,951,959,966,973,975,981,989,1006,1014,1021,1031,1036,1044,1052,1067,1083,1095,1108,1113,1116,1123,1126,1135,1141,1161,1165,1168,1180,1194,1207,1211,1217,1218,1224,1234,1237,1251,1260,1264,1265,1274,1286,1294,1302,1307,1311,1314,1320,1328,1344,1360,1372,1377,1382,1389,1400,1415,1421
12_1,13,17,21,22,25,27,38,42,50,55,56,62,69,76,80,84,86,92,100,107,110,112,111,117,118,120,124,125,129,130,131,134,136,137,144,147,152,157,157,158,158,164,164,172,172,172,173,173,178,178,185,185,185,188,188,205,205,208,208,208,217,217,222,222,232,232,232,236,236,240,240,243,243,243,245,245,247,247,254,254,254,259,259,261,261,264,264,264,270,270,272,272,277,277,277,280,280,282,282,284,284,284,288,288,299,299,299,299,299,307,307,308,308,326,326,326,335,335,349,349,358,358,358,365,365,368,368,380,380,380,387,387,395,395,402,402,402,405,405,411,411,419,419,419,426,426,437,437,443,443,443,446,446,458,458,481,481,481,485,485,495,495,511,511,511,534,534,586,586,596,596,596,600,600,621,621,632,632,632,637,637,678,678,698,698,698,706,706,723,723
13_1,20,31,37,40,45,59,65,73,90,90,94,97,104,115,122,129,137,144,148,154,171,185,191,200,205,208,213,225,235,240,248,248,253,261,275,283,294,298,304,304,311,321,326,328,332,334,334,366,366,376,386,391,391,391,391,400,400,409,418,431,439,442,450,458,466,470,470,472,477,484,493,493,499,499,505,512,518,520,522,524,526,526,537,538,546,553,553,558,560,565,572,581,585,585,585,593,602,608,612,620,622,625,629,635,645,650,658,667,670,671,674,677,684,691,696,700,709,719,724,731,735,740,742,744,751,752,760,764,772,773,775,783,790,796,804,810,813,818,830,842,856,864,864,881,885,895,902,910,918,921,930,933,948,966,976,987,993,996,996,997,1013,1035,1044,1057,1060,1065,1074,1082,1093,1101,1108,1111,1112,1119,1124,1137,1149,1154,1157,1162,1170,1174,1191,1197,1205,1209,1214,1218,1223,1234
14_1,310,370,409,477,512,582,652,702,755,806,840,884,1013,1103,1156,1213,1267,1296,1328,1405,1473,1540,1601,1644,1670,1697,1758,1802,1862,1927,1950,1969,2064,2115,2115,2208,2227,2267,2286,2308,2347,2381,2417,2448,2479,2491,2563,2581,2608,2629,2668,2668,2690,2690,2701,2722,2740,2766,2785,2791,2801,2835,2870,2883,2912,2925,2936,2944,2957,2968,2987,2996,3004,3014,3018,3042,3062,3062,3084,3104,3105,3117,3134,3152,3164,3190,3190,3199,3199,3221,3238,3255,3278,3278,3288,3296,3319,3339,3355,3380,3403,3416,3423,3445,3461,3485,3509,3509,3543,3572,3608,3670,3686,3715,3715,3763,3786,3812,3883,3925,3949,3949,4007,4024,4051,4096,4146,4207,4207,4263,4287,4313,4361,4402,4430,4430,4507,4526,4554,4609,4637,4687,4687,4746,4764,4797,4851,4874,4904,4904,4931,4950,4984,5004,5021,5035,5035,5093,5105,5118,5140,5161,5202,5202,5235,5252,5278,5294,5311,5340,5340,5366,5375,5386,5407,5423,5444,5444,5465,5480,5490,5511,5519,5545,5545,5577,5586,5592,5604,5609
15_1,7,9,10,10,10,12,14,16,17,19,19,19,20,24,27,29,32,34,35,36,39,44,47,50,50,51,51,52,53,55,56,57,57,61,62,62,63,64,64,65,65,66,69,69,70,70,71,73,73,73,75,77,78,78,79,81,84,85,89,89,89,94,95,95,98,98,99,99,100,100,100,100,100,100,101,101,102,102,102,102,102,102,102,103,103,103,104,104,105,105,105,105,105,107,109,109,110,110,111,111,112,114,114,114,114,114,115,117,117,117,118,118,118,118,119,119,119,121,121,122,123,123,123,124,123,124,124,124,125,125,125,126,126,126,126,127,127,127,127,127,128,129,130,131,131,131,132,132,132,132,132,132,132,133,133,134,134,134,134,134,134,134,134,135,136,136,137,138,138,138,139,139,140,140,140,140,140,140,140,140,141,141,142,142,142,142,142,142,142,142
16_1,64,84,101,122,138,160,191,221,255,298,335,384,421,469,499,541,582,626,683,732,779,831,899,948,1001,1045,1099,1168,1226,1276,1323,1372,1424,1476,1520,1580,1643,1692,1739,1788,1834,1881,1935,1991,2040,2090,2122,2164,2198,2221,2274,2306,2341,2379,2417,2458,2501,2538,2562,2596,2625,2646,2666,2668,2702,2740,2749,2776,2811,2844,2875,2900,2926,2939,2947,2982,2996,3016,3030,3052,3066,3074,3092,3108,3129,3142,3157,3168,3175,3190,3205,3212,3223,3236,3243,3246,3266,3275,3288,3303,3310,3319,3325,3334,3341,3347,3359,3368,3377,3382,3402,3405,3409,3422,3433,3440,3447,3458,3478,3488,3493,3506,3515,3523,3530,3536,3551,3565,3577,3585,3591,3604,3612,3620,3631,3636,3639,3641,3650,3661,3669,3674,3685,3691,3694,3707,3717,3722,3736,3746,3752,3755,3761,3766,3778,3789,3796,3799,3804,3807,3816,3824,3828,3836,3838,3839,3849,3855,3861,3869,3876,3879,3883,3895,3902,3909,3917,3925,3935,3938,3946,3949,3949,3950,3957,3958,3961,3967,3973,3979
17_1,229,265,304,370,448,515,615,725,832,946,1056,1211,1329,1502,1667,1822,1983,2146,2303,2449,2597,2769,2877,2877,2899,3003,3153,3405,3562,3716,3846,4004,4090,4212,4420,4552,4702,4840,4979,5108,5141,5315,5482,5592,5705,5797,5862,5938,6066,6148,6228,6304,6372,6416,6473,6547,6640,6718,6768,6846,7035,7085,7152,7201,7235,7289,7316,7353,7408,7454,7492,7538,7576,7624,7647,7665,7734,7770,7800,7828,7858,7874,7890,7938,7963,8013,8041,8060,8095,8054,8081,8132,8149,8172,8183,8198,8213,8243,8268,8296,8310,8325,8330,8340,8368,8380,8402,8419,8431,8433,8450,8468,8484,8498,8510,8529,8536,8551,8580,8595,8609,8626,8638,8648,8657,8659,8691,8709,8721,8735,8741,8751,8769,8790,8804,8818,8829,8833,8839,8876,8888,8901,8921,8921,8948,8960,8987,9007,9023,9036,9049,9060,9064,9060,9077,9100,9116,9125,9133,9141,9146,9166,9180,9196,9210,9219,9225,9245,9260,9269,9295,9310,9317,9328,9347,9362,9373,9391,9404,9415,9423,9456,9480,9490,9507,9510,9530,9538,9557,9565
18_1,801,918,1030,1150,1291,1449,1600,1756,1917,2081,2249,2391,2532,2672,2841,2984,3107,3236,3347,3471,3602,3711,3818,3929,4036,4148,4247,4335,4434,4520,4579,4641,4722,4781,4839,4925,4987,5036,5081,5139,5188,5232,5278,5325,5357,5396,5427,5470,5514,5555,5586,5612,5640,5678,5703,5727,5751,5778,5802,5818,5843,5869,5884,5901,5909,5916,5927,5942,5951,5952,5985,5990,6013,6016,6017,6034,6036,6061,6067,6087,6090,6097,6109,6114,6133,6134,6153,6158,6161,6193,6198,6212,6215,6218,6218,6221,6251,6262,6271,6285,6313,6314,6321,6326,6330,6348,6355,6364,6366,6373,6382,6388,6395,6400,6400,6400,6405,6421,6422,6443,6450,6457,6457,6463,6471,6478,6506,6524,6520,6519,6526,6533,6539,6555,6566,6586,6592,6592,6608,6618,6634,6634,6655,6659,6663,6684,6690,6706,6712,6712,6748,6753,6767,6781,6791,6798,6806,6806,6810,6811,6887,6894,6900,6911,6911,6921,6932,6943,6955,6954,6969,6969,6981,6997,7013,7019,7027,7044,7044,7051,7072,7083,7102,7110,7124,7124,7139,7161,7169,7193
19_1,18,22,24,29,30,34,39,50,57,64,70,70,79,87,94,111,121,134,143,160,179,200,221,244,272,286,301,319,343,371,395,419,428,455,485,508,534,558,578,591,614,638,663,692,709,731,740,757,786,818,851,861,878,890,908,942,977,1006,1036,1050,1060,1082,1097,1126,1159,1181,1197,1208,1228,1267,1280,1305,1314,1329,1335,1344,1357,1376,1393,1404,1412,1416,1425,1432,1441,1446,1452,1460,1470,1476,1482,1495,1503,1503,1508,1511,1514,1523,1528,1533,1537,1540,1542,1548,1558,1566,1573,1578,1581,1585,1588,1592,1601,1606,1611,1614,1616,1620,1629,1634,1640,1646,1654,1656,1660,1670,1677,1681,1689,1698,1701,1707,1724,1731,1739,1745,1752,1758,1767,1784,1791,1799,1807,1813,1817,1825,1842,1855,1859,1863,1865,1866,1872,1882,1889,1899,1903,1909,1912,1914,1921,1936,1949,1958,1971,1974,1979,1985,1994,2002,2015,2017,2021,2031,2037,2040,2046,2056,2060,2067,2072,2089,2102,2112,2126,2133,2136,2140,2154,2160
20_1,26,29,35,43,51,59,67,76,82,93,96,98,111,122,129,140,152,159,169,183,193,201,209,221,227,229,239,250,261,281,291,303,310,342,374,396,409,421,430,435,457,465,480,493,510,521,528,554,570,580,596,616,625,635,652,670,693,710,723,734,739,767,782,794,803,803,817,837,837,868,868,881,889,891,895,915,938,938,938,938,938,978,989,1011,1016,1022,1035,1039,1059,1073,1082,1092,1092,1107,1111,1114,1158,1188,1204,1215,1230,1249,1250,1272,1290,1308,1332,1346,1355,1358,1389,1423,1436,1463,1480,1495,1501,1543,1563,1611,1663,1693,1703,1711,1753,1804,1825,1848,1874,1896,1912,1944,1989,2011,2043,2080,2084,2095,2128,2163,2190,2214,2237,2240,2248,2315,2373,2399,2413,2427,2441,2473,2493,2526,2536,2558,2569,2584,2585,2585,2623,2656,2670,2685,2697,2706,2734,2756,2780,2780,2809,2810,2810,2846,2870,2874,2894,2911,2919,2921,2957,2969,2979,2999,3011,3013,3013,3013,3051,3074
21_1,5,5,5,6,6,6,6,6,6,6,6,7,7,7,7,8,10,10,10,12,14,14,14,14,14,14,15,16,16,16,16,16,16,16,16,16,16,16,16,16,16,16,16,16,16,16,16,16,16,16,16,16,16,16,17,17,17,17,17,17,17,17,17,17,18,18,18,18,18,18,18,18,18,19,19,19,20,20,20,20,20,21,21,21,21,22,22,22,22,22,22,22,23,23,23,23,23,23,25,28,29,29,32,34,34,35,37,37,37,39,40,42,43,46,46,46,47,51,54,55,60,61,61,64,64,65,65,70,75,75,75,77,80,81,81,82,82,82,84,84,89,89,90,90,91,97,98,98,100,104,104,104,105,109,111,114,116,117,118,119,122,123,131,133,135,138,140,141,143,146,156,157,160,163,165,165,170,171,173,174,177,180,181,186,186,187,190,192,193,197
22_1,5,6,6,8,8,10,12,14,15,17,17,17,18,20,21,24,24,28,28,33,38,45,47,50,53,56,55,55,68,70,73,76,78,78,82,86,90,92,96,98,100,103,107,113,119,123,123,125,132,138,143,147,147,150,150,153,163,164,170,170,170,178,181,187,186,186,188,188,188,191,195,212,216,216,216,220,231,234,240,244,244,244,249,256,257,260,266,267,267,269,274,276,282,284,284,284,283,282,282,284,286,285,285,288,286,291,299,301,301,301,306,310,311,316,316,316,316,317,321,324,328,332,332,332,332,332,335,340,345,345,345,348,351,356,360,361,361,361,362,368,371,373,376,376,378,383,383,386,391,392,392,392,397,399,399,404,404,404,404,404,406,421,430,434,434,434,435,436,439,442,442,442,442,452,461,462,462,468,469,470,472,478,478,493,493,497,501,503,507,507
23_1,51,59,70,76,79,91,101,110,120,125,128,133,141,150,158,162,168,172,180,193,201,210,216,229,235,245,251,257,269,277,281,287,292,297,311,320,328,334,339,344,350,355,358,368,369,375,383,390,393,397,400,404,408,410,412,416,425,435,439,444,445,452,455,460,460,463,465,469,472,474,475,475,478,479,483,485,486,489,491,491,492,492,492,494,495,498,500,500,504,507,511,525,528,530,534,537,548,553,571,579,592,593,593,612,618,626,637,646,647,648,676,704,709,722,732,734,739,759,780,801,830,832,832,847,862,890,900,920,949,957,963,981,996,1030,1045,1069,1072,1077,1102,1134,1172,1185,1197,1197,1200,1230,1250,1271,1287,1302,1302,1305,1313,1336,1363,1375,1388,1389,1393,1393,1412,1429,1439,1449,1452,1456,1482,1494,1506,1524,1528,1531,1531,1546,1556,1564,1573,1582,1585,1585,1593,1600,1603,1609,1620,1623,1623,1629,1636,1649
24_1,4,5,7,9,9,9,18,18,21,22,23,23,23,32,32,37,37,38,41,42,42,48,51,53,60,60,60,60,66,72,81,84,86,86,92,111,114,121,131,133,133,142,150,159,159,171,172,172,182,190,199,208,208,209,210,214,223,232,238,242,245,245,256,265,273,283,283,286,286,294,301,308,315,318,320,320,326,330,331,337,339,339,339,343,347,365,365,367,367,367,371,373,375,376,376,381,382,384,386,387,390,391,391,391,392,394,395,395,398,398,398,400,402,405,409,409,409,409,409,411,415,416,416,417,417,418,418,419,419,419,419,419,420,422,422,423,423,423,424,427,428,428,429,429,429,429,430,431,432,432,432,432,432,432,432,432,432,433,433,433,433,434,434,435,436,436,438,438,438,438,438,438,438,438,438,438,438,439,439,439,439,439,441,442,442,443,444,446,448,449
25_1,680,816,1058,1184,1334,1631,1969,2236,2521,2844,3084,3248,3659,4068,4489,4853,5139,5310,5518,5932,6275,6607,6886,7166,7268,7407,7835,8184,8664,9000,9225,9380,9442,9783,10104,10368,10538,10715,10866,10926,11138,11340,11592,11789,11903,12013,12096,12248,12416,12518,12666,12765,12819,12834,12886,13037,13104,13239,13345,13412,13438,13490,13602,13697,13779,13837,13908,13947,14040,14116,14183,14232,14335,14372,14424,14476,14518,14550,14585,14608,14623,14651,14707,14753,14776,14819,14855,14882,14901,14944,14987,15014,15072,15097,15119,15138,15191,15243,15268,15299,15345,15361,15380,15402,15427,15458,15477,15492,15500,15510,15533,15557,15581,15616,15627,15639,15657,15679,15697,15708,15719,15731,15737,15747,15758,15765,15772,15783,15792,15797,15801,15813,15824,15832,15842,15851,15853,15857,15867,15878,15884,15893,15895,15898,15901,15905,15915,15922,15932,15935,15939,15947,15952,15963,15970,15977,15984,15988,15990,15995,16003,16008,16017,16021,16026,16030,16039,16048,16051,16055,16058,16061,16063,16070,16078,16087,16093,16099,16105,16103,16113,16122,16127,16131,16135,16136,16138,16147,16152,16160
26_1,6,7,10,11,12,12,13,16,19,19,20,26,31,36,36,44,51,53,55,58,65,71,78,84,93,99,104,110,112,123,131,139,151,156,162,169,172,181,191,200,208,219,231,242,253,259,265,270,276,283,294,302,308,317,320,325,329,335,344,351,356,362,367,375,383,387,392,396,400,404,410,426,426,431,435,440,447,452,456,464,469,469,469,476,480,485,489,491,492,493,497,500,503,511,513,513,515,519,527,533,539,543,545,548,551,557,562,565,569,571,578,588,591,596,601,607,614,619,626,632,635,642,651,654,655,658,667,669,675,681,685,690,693,695,697,703,711,714,718,723,729,734,739,743,745,747,750,755,764,767,769,770,779,787,790,791,794,800,803,807,807,813,816,818,821,823,823,830,832,836,841,847,849,851,854,857,859,865,870,870,873,875,877,882,887,890,892,894,894,896
27_1,2373,2935,3565,4159,4758,5489,6268,7067,7844,8627,9385,10056,10834,11586,12192,12822,13362,13869,14347,14828,15302,15740,16162,16599,16966,17303,17638,18015,18321,18610,18909,19189,19415,19645,19877,20828,21045,21271,21478,21640,21845,22013,22170,22304,22478,22619,22729,22843,22976,23083,23195,23282,23391,23488,23564,23643,23722,23780,23848,23905,23959,24023,24079,24133,24175,24212,24259,24299,24348,24404,24442,24495,24527,24551,24579,24608,24629,24661,24686,24710,24725,24739,24766,24782,24800,24814,24830,24835,24842,24855,24866,24877,24885,24896,24904,24913,24924,24944,24959,24968,24974,24979,24989,24994,25003,25014,25024,25035,25048,25056,25058,25068,25081,25090,25103,25106,25117,25126,25132,25145,25150,25164,25170,25172,25175,25179,25185,25190,25195,25202,25204,25211,25218,25228,25232,25244,25250,25256,25264,25270,25275,25278,25282,25288,25295,25297,25305,25309,25312,25319,25327,25328,25331,25336,25343,25348,25350,25359,25361,25367,25370,25377,25382,25384,25390,25394,25405,25410,25413,25423,25425,25427,25428,25432,25437,25439,25446,25450,25456,25468,25470,25479,25490,25497,25505,25519,25527,25536,25545,25555
28_1,16,19,24,31,33,46,53,65,74,80,81,86,108,117,131,152,164,172,179,213,242,253,269,289,299,306,342,354,378,399,420,422,430,452,477,507,527,544,547,550,577,597,615,641,652,659,661,691,702,716,728,737,744,754,766,794,827,859,877,886,898,921,939,960,966,992,996,1006,1029,1053,1064,1092,1104,1109,1118,1154,1168,1175,1197,1212,1220,1223,1251,1266,1284,1303,1312,1322,1325,1343,1373,1391,1392,1395,1396,1398,1420,1441,1461,1479,1499,1503,1510,1552,1568,1588,1606,1629,1634,1642,1668,1698,1726,1746,1778,1785,1790,1820,1865,1903,1924,1964,1969,1982,2010,2050,2092,2134,2160,2168,2172,2204,2249,2287,2313,2343,2347,2348,2396,2431,2465,2494,2521,2531,2535,2570,2606,2630,2652,2683,2692,2702,2741,2779,2803,2839,2889,2890,2897,2909,2958,2990,3023,3047,3052,3060,3111,3149,3180,3207,3235,3243,3247,3286,3316,3356,3409,3440,3441,3445,3494,3532,3579,3608,3629,3634,3637,3670,3693,3722
29_1,3,3,3,3,3,4,4,5,6,7,8,8,9,9,9,9,9,10,13,13,14,15,15,16,17,19,19,19,19,23,24,16,15,17,22,23,24,24,24,24,25,29,31,35,35,35,37,37,37,38,39,39,39,39,40,44,48,48,48,48,50,54,54,58,59,59,59,62,65,67,67,67,67,67,68,69,70,70,71,71,71,72,73,74,76,77,77,77,77,78,78,78,78,78,78,78,81,78,78,78,78,78,78,78,81,82,82,82,82,82,84,88,88,88,91,91,91,92,92,95,95,95,95,95,96,96,98,98,98,98,101,102,104,105,105,105,105,105,109,110,112,112,112,112,112,115,117,118,118,118,118,118,122,122,124,125,125,125,125,129,129,131,133,133,133,134,135,141,142,142,142,142,151,156,156,156,156,156,156,177,185,191,191,191,191,191,191,217,226,234
30_1,81,91,102,119,142,167,193,213,231,247,253,274,324,361,389,418,451,471,509,557,610,656,690,711,728,753,799,937,975,1002,1021,1038,1056,1135,1225,1271,1306,1331,1341,1357,1436,1483,1534,1581,1610,1625,1657,1720,1781,1836,1872,1956,1969,1987,2002,2044,2098,2131,2149,2155,2206,2258,2299,2339,2355,2370,2377,2404,2421,2457,2490,2508,2554,2557,2573,2597,2611,2633,2667,2697,2700,2704,2735,2755,2772,2788,2804,2807,2818,2863,2876,2903,2903,2907,2911,2927,2970,2991,3006,3032,3036,3058,3064,3069,3075,3103,3112,3132,3174,3189,3219,3235,3256,3297,3297,3307,3344,3382,3422,3442,3489,3515,3529,3539,3570,3596,3618,3652,3668,3669,3673,3708,3734,3755,3784,3824,3826,3832,3871,3907,3929,3955,3975,3978,3986,3996,4044,4076,4105,4126,4128,4138,4165,4176,4226,4248,4256,4259,4276,4298,4324,4354,4403,4411,4415,4419,4506,4555,4580,4608,4612,4615,4623,4635,4687,4715,4734,4740,4741,4746,4783,4804,4817,4905,4925,4925,4931,4947,4970,4983
31_1,34,38,42,46,51,67,79,80,88,94,96,99,108,123,131,136,139,140,143,164,170,179,188,194,195,197,207,214,222,230,238,238,238,247,253,260,266,270,272,274,278,278,284,285,288,288,288,294,299,304,307,311,311,313,318,322,326,329,334,334,334,339,341,344,344,345,348,348,353,355,357,359,359,359,359,363,364,366,367,368,369,369,371,372,375,377,384,385,385,387,389,395,398,398,398,399,404,407,410,416,421,422,424,428,432,438,445,451,451,452,461,474,477,484,496,496,496,509,523,536,541,549,550,551,566,583,593,600,603,603,605,618,627,638,644,657,661,665,682,699,709,715,725,726,730,744,763,778,786,797,799,800,809,821,835,846,850,853,853,854,863,876,888,899,905,905,912,924,930,939,943,946,948,962,970,981,993,1004,1004,1007,1018,1031,1035,1044,1051,1052,1055,1066,1075,1085
32_1,21,22,26,27,27,33,33,44,44,48,52,53,55,58,64,70,72,74,75,78,78,83,86,87,91,92,92,101,103,104,109,109,109,113,115,121,124,127,127,130,130,134,137,137,137,137,138,140,144,145,147,147,148,148,148,148,151,151,153,153,154,157,159,159,161,163,164,164,169,169,171,173,174,176,180,182,183,187,188,189,190,192,192,195,197,202,202,202,204,207,208,209,209,213,215,215,220,224,230,232,232,234,237,244,247,249,254,257,260,262,269,269,273,282,286,289,289,303,311,316,322,325,326,328,333,338,339,348,355,356,357,368,375,383,385,386,388,388,397,408,412,414,417,417,420,428,433,438,447,454,458,459,465,468,470,475,480,481,482,486,494,497,499,505,509,511,519,521,521,521,525,526,529,532,538,539,542,546,547,547,555,559,560,563,571,572,572,581,583,583
33_1,90,102,136,150,162,240,309,338,416,494,507,524,584,647,707,756,836,1112,1204,1564,1622,1421,1492,1537,1550,1597,1716,2195,2292,2354,2418,2444,2458,3012,3106,3416,3616,3688,3707,3731,3806,3943,4218,4342,4403,4418,4505,4624,4624,4869,4984,5096,5124,5139,5152,5265,5373,5464,5537,5555,5567,5667,5741,5817,5886,5931,5943,5953,6014,6062,6113,6162,6211,6215,6243,6276,6319,6361,6399,6419,6423,6426,6464,6518,6557,6579,6579,6579,6614,6649,6649,6712,6746,6749,6753,6754,6787,6812,6848,6880,6897,6904,6911,6931,6957,6973,6992,7007,7015,7018,7038,7063,7079,7101,7114,7118,7122,7146,7162,7176,7189,7204,7209,7209,7232,7244,7282,7297,7313,7314,7317,7352,7385,7409,7445,7465,7468,7468,7499,7523,7538,7558,7576,7578,7579,7605,7624,7635,7655,7671,7673,7673,7691,7712,7732,7742,7760,7760,7780,7791,7805,7820,7837,7837,7837,7869,7875,7903,7913,7934,7956,7981,8004,8023,8062,8079,8081,8103,8106,8107,8123,8142,8160,8179,8199,8216,8227,8244,8272,8299
34_1,12,14,17,25,27,30,35,43,49,56,63,73,80,87,105,118,150,164,175,186,201,213,202,215,226,233,239,251,266,279,296,320,341,355,370,388,399,418,422,430,444,462,468,479,489,499,506,532,538,556,579,597,608,608,634,655,677,693,711,718,720,732,742,756,772,772,772,799,808,812,823,833,833,833,851,865,876,885,894,894,894,903,906,912,920,927,927,927,946,950,956,959,960,960,960,960,969,971,974,976,976,976,984,985,987,988,990,990,990,995,996,997,1001,1002,1002,1002,1004,1005,1007,1007,1007,1007,1007,1010,1011,1012,1014,1014,1015,1015,1015,1016,1018,1019,1021,1022,1022,1023,1024,1027,1028,1030,1035,1035,1035,1039,1041,1044,1046,1047,1047,1048,1050,1051,1055,1055,1058,1058,1059,1059,1062,1067,1071,1072,1075,1075,1078,1081,1085,1088,1091,1094,1097,1099,1102,1106,1107,1110,1110,1110,1113,1114,1117,1118,1119,1120,1121,1125,1126,1127
35_1,31,31,40,44,44,51,63,67,72,80,82,82,97,107,107,109,119,120,120,124,140,150,150,166,174,174,177,203,244,256,267,275,275,283,305,305,316,330,331,331,355,355,371,380,380,380,391,399,399,407,419,425,435,440,446,466,470,483,487,494,500,501,518,525,538,545,546,557,568,575,588,593,599,600,602,607,617,621,639,644,653,659,673,683,693,694,711,716,720,739,766,784,793,813,820,827,846,884,905,929,951,961,972,993,998,1070,1096,1135,1155,1164,1221,1285,1334,1385,1465,1491,1506,1565,1615,1667,1712,1751,1777,1793,1847,1894,1943,1962,2007,2031,2049,2098,2144,2186,2204,2260,2269,2288,2343,2360,2401,2459,2493,2504,2511,2529,2573,2628,2655,2698,2709,2720,2757,2794,2807,2846,2877,2887,2907,2912,2942,2975,3028,3040,3064,3077,3098,3132,3158,3177,3188,3199,3212,3243,3262,3279,3297,3323,3326,3337,3359,3378,3400,3409,3442,3453,3456,3471,3502,3514
36_1,2,2,2,2,4,6,6,6,6,6,6,6,6,6,7,7,7,7,7,8,8,9,10,10,11,11,11,13,17,21,21,21,21,24,29,31,31,34,34,34,39,39,43,44,44,44,44,46,46,48,50,50,50,50,50,54,54,59,62,62,62,62,62,64,65,65,65,65,68,69,73,74,75,75,75,77,78,78,81,81,81,81,83,84,87,88,91,91,91,91,93,97,97,97,97,97,98,98,101,107,109,109,109,109,111,115,116,116,118,118,118,119,121,122,122,123,123,123,129,129,130,134,135,135,136,137,141,144,146,146,146,146,147,148,150,152,153,153,154,155,157,159,160,161,161,161,162,162,165,167,167,167,167,169,169,170,173,173,173,173,173,177,177,183,184,184,184,192,193,198,200,202,202,202,202,210,216,218,218,218,223,223,236,237,248,248,248,248,258,272
37_1,32,37,43,44,65,72,79,94,98,101,101,109,124,135,141,142,145,148,152,157,166,170,168,178,181,184,188,195,199,204,209,210,219,226,239,237,241,242,243,251,265,273,287,290,295,298,301,305,309,313,315,329,336,338,343,353,356,360,364,364,367,381,388,401,408,417,418,421,435,436,441,468,472,475,483,493,497,509,515,524,526,531,542,556,567,577,584,584,592,604,609,620,633,637,646,653,665,685,710,723,738,741,749,767,783,796,815,838,843,847,871,888,925,938,964,967,978,978,1020,1033,1060,1067,1073,1092,1117,1144,1186,1206,1215,1223,1233,1271,1289,1313,1326,1345,1366,1387,1426,1452,1488,1549,1563,1567,1588,1628,1648,1673,1701,1725,1747,1754,1781,1797,1815,1837,1862,1865,1869,1896,1931,1988,2025,2064,2078,2097,2127,2151,2164,2196,2216,2218,2233,2261,2275,2310,2352,2374,2377,2389,2420,2454,2501,2515,2560,2577,2597,2621,2642,2705
38_1,70,90,105,127,140,154,177,199,226,254,271,287,318,364,393,428,453,477,495,517,543,561,593,623,648,663,690,732,782,816,847,867,884,906,948,973,1004,1049,1088,1100,1133,1158,1216,1272,1305,1336,1347,1369,1419,1440,1480,1506,1506,1527,1536,1562,1601,1626,1626,1672,1678,1698,1734,1767,1788,1819,1830,1830,1853,1885,1920,1939,1957,1976,1983,2029,2062,2105,2140,2165,2182,2192,2220,2249,2296,2324,2366,2393,2403,2424,2481,2525,2575,2608,2637,2655,2715,2813,2918,3013,3112,3192,3235,3322,3432,3561,3735,3865,3958,4020,4151,4348,4521,4717,4885,5038,5713,5877,6190,6274,6569,6837,6837,7016,7261,7497,7803,8096,8343,8459,8490,8710,9034,9289,9602,9840,9983,10034,10250,10559,10793,11051,11266,11370,11395,11576,11805,12070,12266,12420,12510,12536,12681,12870,13091,13231,13408,13472,13492,13553,13692,13853,13997,14143,14190,14211,14343,14478,14590,14713,14848,14893,14917,14994,15129,15267,15364,15485,15522,15533,15604,15711,15823,15895,15992,16025,16033,16111,16230,16334
39_1,7,7,8,8,13,13,13,13,17,18,18,18,19,20,21,23,25,27,28,32,34,35,39,41,41,41,45,45,46,46,49,50,50,56,58,61,61,66,67,68,73,75,75,77,78,80,80,88,90,92,93,97,97,98,101,105,106,107,112,113,113,113,117,117,120,121,121,124,127,128,131,139,139,139,143,145,149,152,155,155,158,158,163,163,164,166,167,167,168,172,173,176,181,181,184,190,194,201,205,207,212,215,216,226,233,234,235,243,243,247,251,260,267,273,274,274,281,286,292,300,304,310,311,314,321,327,330,335,335,336,345,349,351,353,360,363,363,364,369,377,381,383,385,385,390,397,401,403,407,407,407,407,409,410,414,419,420,422,423,424,427,430,431,433,433,436,436,437,437,437,440,440,441,443,444,444,448,448,453,453,457,459,459,474,476,478,482,488,496,501
40_1,17,17,20,22,23,23,23,23,24,25,27,28,29,30,35,35,38,38,38,40,40,43,44,46,46,47,47,47,49,50,51,52,52,52,52,53,53,53,53,53,53,53,53,53,53,54,54,54,54,54,54,54,54,54,54,54,55,55,55,55,55,55,55,55,55,55,55,55,55,55,55,55,55,55,55,55,55,56,56,56,56,56,56,56,56,56,56,56,56,56,56,56,56,56,56,56,56,56,56,56,56,56,56,56,56,56,56,56,56,56,56,56,56,56,56,56,56,56,56,57,57,57,57,57,57,57,58,58,58,58,58,58,58,58,58,58,58,58,58,58,58,58,58,58,58,58,58,58,58,58,58,58,58,58,58,58,58,58,58,58,58,58,58,58,58,58,58,58,58,58,58,58,58,58,58,58,58,58,58,58,58,58,58,58,58,58,58,58,58,58
41_1,41,46,52,51,54,63,75,109,121,130,141,149,154,195,208,231,258,277,300,324,349,372,410,436,448,458,492,522,552,581,616,660,684,713,713,769,812,827,839,850,891,927,955,977,1002,1009,1014,1041,1074,1099,1136,1159,1171,1208,1236,1281,1338,1358,1370,1375,1392,1407,1428,1445,1453,1460,1472,1477,1496,1514,1520,1534,1541,1546,1552,1570,1583,1586,1602,1607,1611,1620,1645,1661,1675,1700,1724,1732,1740,1763,1786,1816,1845,1849,1853,1853,1881,1905,1937,1958,1962,1966,1968,1977,1992,2007,2013,2025,2027,2031,2048,2051,2054,2067,2075,2078,2082,2095,2125,2141,2174,2215,2218,2218,2244,2274,2299,2317,2322,2326,2327,2344,2352,2363,2370,2381,2381,2385,2396,2410,2427,2436,2443,2467,2471,2494,2515,2515,2550,2568,2569,2580,2612,2641,2652,2662,2677,2678,2684,2686,2697,2708,2711,2722,2724,2743,2839,2884,2920,2949,2990,3015,3021,3060,3089,3113,3136,3144,3159,3172,3187,3208,3228,3250,3270,3273,3276,3291,3303,3328
42_1,2,2,2,3,4,4,4,5,5,5,8,9,9,10,13,13,16,18,24,26,26,29,32,32,34,36,37,38,41,46,48,50,50,50,50,51,51,53,54,54,57,58,60,62,64,67,67,68,69,70,71,72,72,72,74,74,74,74,75,75,75,77,78,78,84,84,84,84,84,85,85,86,88,88,88,88,88,88,88,88,89,89,92,92,92,92,93,93,93,93,93,93,93,94,94,95,95,95,95,95,95,96,96,97,97,99,100,100,100,100,101,101,103,103,103,103,106,111,112,115,116,116,117,117,124,124,124,127,131,139,141,147,153,153,157,160,160,160,164,166,166,170,176,178,179,187,190,199,202,212,213,214,222,230,237,243,243,246,247,250,254,257,263,265,266,275,280,290,294,297,308,310,312,317,319,325,330,332,334,337,345,350,354,355,357,358,361,364,369,370
43_1,31,37,56,68,77,92,99,111,128,137,144,154,170,182,197,205,211,220,230,242,246,257,262,266,272,281,300,308,316,327,334,339,340,353,362,374,384,398,400,409,418,421,434,445,453,453,459,467,481,487,496,507,510,514,517,539,550,568,588,592,595,607,616,626,633,645,647,646,661,671,682,689,691,692,694,703,712,719,730,744,744,745,750,757,766,766,777,777,784,784,793,800,803,803,803,803,812,814,816,821,828,827,827,833,834,838,840,850,851,853,866,872,885,885,898,899,900,913,918,926,941,954,955,956,968,977,985,997,1003,1005,1005,1013,1018,1025,1032,1045,1046,1046,1059,1067,1074,1075,1089,1089,1089,1102,1108,1119,1121,1127,1130,1130,1139,1150,1154,1161,1176,1176,1176,1176,1191,1201,1205,1217,1218,1218,1229,1237,1239,1246,1249,1250,1252,1259,1268,1275,1284,1291,1291,1293,1310,1337,1358,1363,1383,1388,1392,1410,1426,1435
44_1,0,0,0,0,0,0,0,0,0,0,0,1,1,2,2,2,2,2,2,6,6,7,7,7,7,7,7,7,7,7,7,7,7,7,7,7,7,7,7,7,7,7,7,7,7,8,8,10,11,11,12,12,12,12,13,13,15,15,16,16,17,17,17,17,17,17,17,17,17,18,18,18,18,18,18,18,18,18,20,20,20,20,20,20,20,20,20,20,20,20,20,20,20,20,20,20,20,21,21,21,21,21,21,22,22,24,24,24,24,24,25,25,25,25,25,25,25,26,26,26,26,26,26,27,27,27,27,28,28,28,28,29,29,30,30,30,30,33,34,34,34,37,37,37,37,37,37,37,37,37,37,37,41,41,41,42,42,42,42,42,42,42,42,42,42,46,46,46,49,49,49,49,49,49,50,50,50,50,50,50,50,50,53,53,53,53,53,53,53,54
