code	name
10.101.1.1-1936490	node:10.101.1.1-job:1936490
10.101.1.17-1936593	node:10.101.1.17-job:1936593
10.101.1.24-1936590	node:10.101.1.24-job:1936590
10.101.1.37-1936489	node:10.101.1.37-job:1936489
10.101.1.4-1932903	node:10.101.1.4-job:1932903
10.101.1.44-1936590	node:10.101.1.44-job:1936590
10.101.1.45-1936490	node:10.101.1.45-job:1936490
10.101.1.47-1932903	node:10.101.1.47-job:1932903
10.101.1.54-1935860	node:10.101.1.54-job:1935860
10.101.1.56-1935959	node:10.101.1.56-job:1935959
10.101.10.27-1932903	node:10.101.10.27-job:1932903
10.101.10.31-1932903	node:10.101.10.31-job:1932903
10.101.10.38-1936592	node:10.101.10.38-job:1936592
10.101.2.1-1935859	node:10.101.2.1-job:1935859
10.101.2.1-1935960	node:10.101.2.1-job:1935960
10.101.2.16-1936490	node:10.101.2.16-job:1936490
10.101.2.16-1936593	node:10.101.2.16-job:1936593
10.101.2.30-1932903	node:10.101.2.30-job:1932903
10.101.2.31-1936158	node:10.101.2.31-job:1936158
10.101.2.33-1934202	node:10.101.2.33-job:1934202
10.101.2.33-1935949	node:10.101.2.33-job:1935949
10.101.2.35-1936531	node:10.101.2.35-job:1936531
10.101.2.35-1936534	node:10.101.2.35-job:1936534
10.101.2.41-1936594	node:10.101.2.41-job:1936594
10.101.2.47-1936511	node:10.101.2.47-job:1936511
10.101.2.49-1936590	node:10.101.2.49-job:1936590
10.101.2.55-1936158	node:10.101.2.55-job:1936158
10.101.2.56-1935959	node:10.101.2.56-job:1935959
10.101.2.9-1936594	node:10.101.2.9-job:1936594
10.101.3.15-1936592	node:10.101.3.15-job:1936592
10.101.3.19-1932903	node:10.101.3.19-job:1932903
10.101.3.35-1935859	node:10.101.3.35-job:1935859
10.101.3.35-1935960	node:10.101.3.35-job:1935960
10.101.3.44-1935779	node:10.101.3.44-job:1935779
10.101.3.47-1934202	node:10.101.3.47-job:1934202
10.101.3.47-1935949	node:10.101.3.47-job:1935949
10.101.3.5-1936590	node:10.101.3.5-job:1936590
10.101.3.50-1936522	node:10.101.3.50-job:1936522
10.101.3.51-1935779	node:10.101.3.51-job:1935779
10.101.3.55-1934202	node:10.101.3.55-job:1934202
10.101.3.55-1935949	node:10.101.3.55-job:1935949
10.101.3.9-1932903	node:10.101.3.9-job:1932903
10.101.4.17-1935859	node:10.101.4.17-job:1935859
10.101.4.19-1936592	node:10.101.4.19-job:1936592
10.101.4.23-1932903	node:10.101.4.23-job:1932903
10.101.4.25-1936489	node:10.101.4.25-job:1936489
10.101.4.33-1932903	node:10.101.4.33-job:1932903
10.101.4.41-1932903	node:10.101.4.41-job:1932903
10.101.4.47-1936593	node:10.101.4.47-job:1936593
10.101.5.14-1935779	node:10.101.5.14-job:1935779
10.101.5.18-1935959	node:10.101.5.18-job:1935959
10.101.5.3-1932903	node:10.101.5.3-job:1932903
10.101.6.1-1934202	node:10.101.6.1-job:1934202
10.101.6.1-1935949	node:10.101.6.1-job:1935949
10.101.6.10-1934481	node:10.101.6.10-job:1934481
10.101.6.18-1936159	node:10.101.6.18-job:1936159
10.101.6.7-1936159	node:10.101.6.7-job:1936159
10.101.7.12-1936159	node:10.101.7.12-job:1936159
10.101.7.24-1936489	node:10.101.7.24-job:1936489
10.101.7.35-1936159	node:10.101.7.35-job:1936159
10.101.7.39-1936592	node:10.101.7.39-job:1936592
10.101.7.50-1936594	node:10.101.7.50-job:1936594
10.101.7.51-1936529	node:10.101.7.51-job:1936529
10.101.8.12-1936595	node:10.101.8.12-job:1936595
10.101.8.17-1936595	node:10.101.8.17-job:1936595
10.101.8.23-1935959	node:10.101.8.23-job:1935959
10.101.8.27-1936489	node:10.101.8.27-job:1936489
10.101.8.33-1935860	node:10.101.8.33-job:1935860
10.101.8.33-1935960	node:10.101.8.33-job:1935960
10.101.8.4-1936529	node:10.101.8.4-job:1936529
10.101.8.42-1936593	node:10.101.8.42-job:1936593
10.101.8.43-1932903	node:10.101.8.43-job:1932903
10.101.8.46-1936158	node:10.101.8.46-job:1936158
10.101.8.60-1935859	node:10.101.8.60-job:1935859
10.101.8.60-1935960	node:10.101.8.60-job:1935960
10.101.8.9-1932903	node:10.101.8.9-job:1932903
10.101.9.16-1936595	node:10.101.9.16-job:1936595
10.101.9.17-1936490	node:10.101.9.17-job:1936490
10.101.9.19-1932903	node:10.101.9.19-job:1932903
10.101.9.2-1935779	node:10.101.9.2-job:1935779
10.101.9.30-1936158	node:10.101.9.30-job:1936158
10.101.9.31-1935860	node:10.101.9.31-job:1935860
10.101.9.33-1936595	node:10.101.9.33-job:1936595
10.101.9.38-1932903	node:10.101.9.38-job:1932903
10.101.9.4-1936594	node:10.101.9.4-job:1936594
10.101.9.47-1935860	node:10.101.9.47-job:1935860
